id,nome,suf,imp,t0,hhmm,dow,a,f,p,sur,rng,m15,m60,base,ratio
1,adp-nonfarm-employment-change,,3,2026-04-01 15:15:00,15:15,2,62.0,41.0,66.0,21.0,70.09999999999854,-24.299999999999272,-100.5,56.37279999999987,1.2435075071665538
1,adp-nonfarm-employment-change,,3,2026-03-04 15:15:00,15:15,2,63.0,50.0,11.0,13.0,63.599999999998545,-34.79999999999927,-20.200000000000728,56.37279999999987,1.1282036726931906
1,adp-nonfarm-employment-change,,3,2026-02-04 15:15:00,15:15,2,22.0,46.0,37.0,-24.0,45.79999999999927,1.7999999999992724,-41.099999999998545,56.37279999999987,0.8124485567507624
1,adp-nonfarm-employment-change,,3,2026-01-07 15:15:00,15:15,2,41.0,49.0,-29.0,-8.0,28.700000000000728,13.099999999998545,10.5,56.37279999999987,0.5091107768285555
1,adp-nonfarm-employment-change,,3,2025-12-03 15:15:00,15:15,2,-32.0,5.0,47.0,-37.0,36.60000000000218,-13.700000000000728,-243.10000000000218,56.37279999999987,0.6492492833423613
1,adp-nonfarm-employment-change,,3,2025-11-05 15:15:00,15:15,2,42.0,32.0,-29.0,10.0,63.70000000000073,42.0,49.0,56.37279999999987,1.1299775778389733
8,average-hourly-earnings,,3,2026-03-06 15:30:00,15:30,4,0.4,0.3,0.4,0.10000000000000003,227.90000000000146,-133.6999999999971,-182.1999999999971,49.90365853658544,4.566799442828888
8,average-hourly-earnings,,3,2026-02-11 15:30:00,15:30,2,0.4,0.3,0.1,0.10000000000000003,174.29999999999927,90.09999999999854,166.79999999999927,49.90365853658544,3.4927298941863394
8,average-hourly-earnings,,3,2026-01-09 15:30:00,15:30,4,0.3,0.3,0.2,0.0,66.60000000000218,52.5,-27.399999999997817,49.90365853658544,1.3345714914103202
8,average-hourly-earnings,,3,2025-12-16 15:30:00,15:30,1,0.1,0.3,0.4,-0.19999999999999998,139.20000000000073,-13.5,-54.400000000001455,49.90365853658544,2.789374648713385
8,average-hourly-earnings,,3,2025-11-20 15:30:00,15:30,3,0.2,0.3,0.4,-0.09999999999999998,131.79999999999927,62.900000000001455,73.5,49.90365853658544,2.6410889274455474
10,beige-book,,2,2026-04-15 21:00:00,21:00,2,,,,,83.0,51.599999999998545,112.59999999999854,59.729508196721284,1.389597914093592
10,beige-book,,2,2026-03-04 21:00:00,21:00,2,,,,,29.80000000000291,17.099999999998545,-3.400000000001455,59.729508196721284,0.4989158775902781
10,beige-book,,2,2026-01-14 21:00:00,21:00,2,,,,,38.400000000001455,-13.900000000001455,-14.599999999998545,59.729508196721284,0.6428983120626018
10,beige-book,,2,2025-11-26 21:00:00,21:00,2,,,,,46.39999999999782,11.69999999999709,15.5,59.729508196721284,0.7768354604089113
10,beige-book,,2,2025-10-15 21:00:00,21:00,2,,,,,60.79999999999927,-7.799999999999272,49.30000000000291,59.729508196721284,1.017922327432402
25,building-permits,,2,2026-04-29 15:30:00,15:30,2,1.372,1.39,1.386,-0.017999999999999794,55.599999999998545,9.400000000001455,-24.799999999999272,49.90365853658544,1.114146770606748
25,building-permits,,2,2026-03-19 15:00:00,15:00,3,1.386,1.376,1.455,0.010000000000000009,76.69999999999709,-28.0,-101.0,49.39310344827591,1.5528483663780464
25,building-permits,,2,2026-03-12 15:30:00,15:30,3,1.376,1.42,1.455,-0.04400000000000004,40.5,-18.5,-63.5,49.90365853658544,0.8115637447765194
25,building-permits,,2,2026-02-20 15:00:00,15:00,4,1.455,1.448,1.388,0.007000000000000117,37.400000000001455,-5.700000000000728,-60.0,49.39310344827591,0.7571907288467196
25,building-permits,,2,2026-02-18 15:30:00,15:30,2,1.448,1.4,1.388,0.04800000000000004,97.59999999999854,-46.099999999998545,-83.09999999999854,49.90365853658544,1.9557684318564719
25,building-permits,,2,2026-01-09 15:30:00,15:30,4,1.412,1.415,1.33,-0.0030000000000001137,66.60000000000218,52.5,-27.399999999997817,49.90365853658544,1.3345714914103202
29,business-inventories,,2,2026-04-21 17:00:00,17:00,1,0.4,0.4,0.0,0.0,69.20000000000073,17.900000000001455,-102.0,101.07999999999997,0.6846062524732959
29,business-inventories,,2,2026-04-01 17:00:00,17:00,2,-0.1,0.0,0.0,-0.1,100.40000000000146,47.80000000000291,143.20000000000073,101.07999999999997,0.9932726553225315
29,business-inventories,,2,2026-03-06 17:00:00,17:00,4,0.1,0.1,0.0,0.0,156.60000000000218,99.79999999999927,167.09999999999854,101.07999999999997,1.549267906608649
29,business-inventories,,2,2026-02-10 17:00:00,17:00,1,0.1,0.2,0.2,-0.1,88.5,-1.4000000000014552,-17.5,101.07999999999997,0.8755441234665614
29,business-inventories,,2,2026-01-14 17:00:00,17:00,2,0.3,0.1,0.3,0.19999999999999998,158.5,88.59999999999854,-93.90000000000146,101.07999999999997,1.5680648990898303
29,business-inventories,,2,2025-12-16 17:00:00,17:00,1,0.2,0.1,0.0,0.1,180.29999999999927,-68.0,-69.5,101.07999999999997,1.783735654926784
29,business-inventories,,2,2025-11-25 17:00:00,17:00,1,0.0,0.0,0.1,0.0,163.39999999999782,-75.0,-0.2999999999992724,101.07999999999997,1.6165413533834376
38,chicago-pmi,,2,2026-04-30 16:45:00,16:45,3,49.2,54.8,52.8,-5.599999999999994,161.5,-99.79999999999927,-99.09999999999854,128.45245901639325,1.2572744907856468
38,chicago-pmi,,2,2026-03-31 16:45:00,16:45,1,52.8,54.8,57.7,-2.0,157.59999999999854,151.0,75.20000000000073,128.45245901639325,1.2269130634539698
38,chicago-pmi,,2,2026-02-27 16:45:00,16:45,4,57.7,52.0,54.0,5.700000000000003,159.79999999999927,36.79999999999927,154.09999999999854,128.45245901639325,1.2440400224615817
38,chicago-pmi,,2,2026-01-30 16:45:00,16:45,4,54.0,43.5,42.7,10.5,121.09999999999854,-43.599999999998545,21.5,128.45245901639325,0.9427612435550465
38,chicago-pmi,,2,2025-12-30 16:45:00,16:45,1,43.5,39.8,36.3,3.700000000000003,100.0,65.29999999999927,1.0999999999985448,128.45245901639325,0.7784981367093788
38,chicago-pmi,,2,2025-11-26 16:45:00,16:45,2,36.3,44.3,43.8,-8.0,143.39999999999782,-64.79999999999927,-7.799999999999272,128.45245901639325,1.1163663280412324
38,chicago-pmi,,2,2025-10-31 16:45:00,16:45,4,43.8,42.3,40.6,1.5,69.79999999999927,-16.799999999999272,44.70000000000073,128.45245901639325,0.5433916994231408
45,construction-spending,,2,2026-03-23 17:00:00,17:00,0,-0.3,0.1,0.8,-0.4,158.20000000000073,5.0,9.700000000000728,101.07999999999997,1.565096952908595
45,construction-spending,,2,2026-02-27 17:00:00,17:00,4,0.3,,-0.1,,127.70000000000073,73.29999999999927,101.79999999999927,101.07999999999997,1.2633557578155992
45,construction-spending,,2,2026-02-27 17:00:00,17:00,4,0.3,0.2,-0.1,0.09999999999999998,127.70000000000073,73.29999999999927,101.79999999999927,101.07999999999997,1.2633557578155992
45,construction-spending,,2,2026-01-21 17:00:00,17:00,2,0.5,0.1,-0.6,0.4,80.5,1.4000000000014552,143.90000000000146,101.07999999999997,0.7963988919667593
45,construction-spending,,2,2025-11-17 17:00:00,17:00,0,0.2,-0.2,0.2,0.4,158.89999999999782,-72.5,-118.70000000000073,101.07999999999997,1.5720221606647988
48,cb-consumer-confidence,,3,2026-04-28 17:00:00,17:00,1,92.8,89.0,92.2,3.799999999999997,74.70000000000073,1.7000000000007276,-111.20000000000073,101.07999999999997,0.7390185991294099
48,cb-consumer-confidence,,3,2026-03-31 17:00:00,17:00,1,91.8,87.8,91.0,4.0,82.70000000000073,-42.69999999999709,-157.6999999999971,101.07999999999997,0.818163830629212
48,cb-consumer-confidence,,3,2026-02-24 17:00:00,17:00,1,91.2,87.4,89.0,3.799999999999997,132.0,-11.600000000002183,99.19999999999709,101.07999999999997,1.3058963197467357
48,cb-consumer-confidence,,3,2026-01-27 17:00:00,17:00,1,84.5,90.6,94.2,-6.099999999999994,50.39999999999782,7.0,25.799999999999272,101.07999999999997,0.498614958448732
48,cb-consumer-confidence,,3,2025-12-23 17:00:00,17:00,1,89.1,91.7,92.9,-2.6000000000000085,64.89999999999782,-42.5,39.400000000001455,101.07999999999997,0.6420656905421235
48,cb-consumer-confidence,,3,2025-11-25 17:00:00,17:00,1,88.7,93.5,95.5,-4.799999999999997,163.39999999999782,-75.0,-0.2999999999992724,101.07999999999997,1.6165413533834376
48,cb-consumer-confidence,,3,2025-10-28 17:00:00,17:00,1,94.6,93.4,95.6,1.1999999999999886,28.5,7.100000000002183,-28.599999999998545,101.07999999999997,0.2819548872180452
56,core-cpi,,3,2026-04-10 15:30:00,15:30,4,0.2,0.3,0.2,-0.09999999999999998,73.59999999999854,-20.0,-17.799999999999272,49.90365853658544,1.474841768285201
56,core-cpi,,3,2026-03-11 15:30:00,15:30,2,0.2,0.2,0.3,0.0,135.10000000000218,-62.30000000000291,38.89999999999782,49.90365853658544,2.7072163436866554
56,core-cpi,,3,2026-02-13 15:30:00,15:30,4,0.3,0.3,0.2,0.0,122.20000000000073,74.79999999999927,42.70000000000073,49.90365853658544,2.4487182620170684
56,core-cpi,,3,2026-01-13 15:30:00,15:30,1,0.2,0.3,0.2,-0.09999999999999998,134.0,80.5,39.099999999998545,49.90365853658544,2.6851738716062616
56,core-cpi,,3,2025-10-24 15:30:00,15:30,4,0.2,0.3,0.3,-0.09999999999999998,159.0,97.40000000000146,91.79999999999927,49.90365853658544,3.1861391461596686
59,core-durable-goods-orders,,2,2026-04-29 15:30:00,15:30,2,0.9,0.4,1.2,0.5,55.599999999998545,9.400000000001455,-24.799999999999272,49.90365853658544,1.114146770606748
59,core-durable-goods-orders,,2,2026-04-07 15:30:00,15:30,1,0.8,0.5,0.3,0.30000000000000004,69.5,-37.79999999999927,-0.09999999999854481,49.90365853658544,1.3926834632584717
59,core-durable-goods-orders,,2,2026-03-13 15:30:00,15:30,4,0.4,0.5,1.3,-0.09999999999999998,99.29999999999927,6.600000000002183,-3.1999999999970896,49.90365853658544,1.9898340705261182
59,core-durable-goods-orders,,2,2026-02-18 15:30:00,15:30,2,0.9,0.3,0.4,0.6000000000000001,97.59999999999854,-46.099999999998545,-83.09999999999854,49.90365853658544,1.9557684318564719
59,core-durable-goods-orders,,2,2026-01-26 15:30:00,15:30,0,0.5,0.3,0.2,0.2,54.29999999999927,-15.0,58.79999999999927,49.90365853658544,1.0880965763299855
59,core-durable-goods-orders,,2,2025-12-23 15:30:00,15:30,1,0.2,0.3,0.7,-0.09999999999999998,68.69999999999709,-33.5,-28.599999999998545,49.90365853658544,1.3766525744727043
59,core-durable-goods-orders,,2,2025-11-26 15:30:00,15:30,2,0.6,,0.5,,37.5,-2.7999999999992724,25.200000000000728,49.90365853658544,0.7514479118301106
61,core-pce-price-index,,3,2026-04-30 15:30:00,15:30,3,0.3,0.3,0.4,0.0,71.09999999999854,-53.89999999999782,-44.79999999999927,49.90365853658544,1.4247452408298604
61,core-pce-price-index,,3,2026-04-09 15:30:00,15:30,3,0.4,0.4,0.4,0.0,45.599999999998545,3.0,44.599999999998545,49.90365853658544,0.9137606607853853
61,core-pce-price-index,,3,2026-03-13 15:30:00,15:30,4,0.4,0.4,0.4,0.0,99.29999999999927,6.600000000002183,-3.1999999999970896,49.90365853658544,1.9898340705261182
61,core-pce-price-index,,3,2026-02-20 15:30:00,15:30,4,0.4,0.3,0.2,0.10000000000000003,136.70000000000073,-112.59999999999854,-142.90000000000146,49.90365853658544,2.739278121258044
61,core-pce-price-index,,3,2026-01-22 17:00:00,17:00,3,0.2,0.2,0.2,0.0,71.79999999999927,-26.700000000000728,26.099999999998545,101.07999999999997,0.7103284527107172
61,core-pce-price-index,,3,2025-12-05 17:00:00,17:00,4,0.2,0.2,0.2,0.0,100.0,67.60000000000218,-47.599999999998545,101.07999999999997,0.989315393747527
62,core-ppi,,2,2026-04-14 15:30:00,15:30,1,0.1,0.4,0.3,-0.30000000000000004,53.70000000000073,-14.399999999997817,-37.70000000000073,49.90365853658544,1.076073409740733
62,core-ppi,,2,2026-03-18 15:30:00,15:30,2,0.5,0.3,0.8,0.2,142.10000000000218,-98.19999999999709,-93.69999999999709,49.90365853658544,2.8474866205616096
62,core-ppi,,2,2026-02-27 15:30:00,15:30,4,0.8,0.3,0.6,0.5,90.19999999999709,-49.20000000000073,-74.09999999999854,49.90365853658544,1.8074827105886344
62,core-ppi,,2,2026-01-30 15:30:00,15:30,4,0.7,0.2,0.0,0.49999999999999994,68.90000000000146,-6.899999999997817,-15.5,49.90365853658544,1.380660296669219
62,core-ppi,,2,2026-01-14 15:30:00,15:30,2,0.0,0.2,0.4,-0.2,70.70000000000073,-49.099999999998545,-56.70000000000073,49.90365853658544,1.4167297964370498
62,core-ppi,,2,2025-11-25 15:30:00,15:30,1,0.1,0.2,-0.1,-0.1,81.89999999999782,-62.900000000001455,-81.90000000000146,49.90365853658544,1.6411622394369179
63,core-retail-sales,,3,2026-04-21 15:30:00,15:30,1,1.9,1.4,0.7,0.5,58.10000000000218,-31.299999999999272,-51.0,49.90365853658544,1.1642432980621618
63,core-retail-sales,,3,2026-04-01 15:30:00,15:30,2,0.5,0.3,0.0,0.2,184.5,32.69999999999709,-53.80000000000291,49.90365853658544,3.697123726204144
63,core-retail-sales,,3,2026-03-06 15:30:00,15:30,4,0.0,0.1,0.0,-0.1,227.90000000000146,-133.6999999999971,-182.1999999999971,49.90365853658544,4.566799442828888
63,core-retail-sales,,3,2026-02-10 15:30:00,15:30,1,0.0,0.3,0.4,-0.3,66.09999999999854,19.299999999999272,45.0,49.90365853658544,1.3245521859191791
63,core-retail-sales,,3,2026-01-14 15:30:00,15:30,2,0.5,0.4,0.2,0.09999999999999998,70.70000000000073,-49.099999999998545,-56.70000000000073,49.90365853658544,1.4167297964370498
63,core-retail-sales,,3,2025-12-16 15:30:00,15:30,1,0.4,0.2,0.1,0.2,139.20000000000073,-13.5,-54.400000000001455,49.90365853658544,2.789374648713385
63,core-retail-sales,,3,2025-11-25 15:30:00,15:30,1,0.3,0.3,0.6,0.0,81.89999999999782,-62.900000000001455,-81.90000000000146,49.90365853658544,1.6411622394369179
69,cpi,,3,2026-04-10 15:30:00,15:30,4,0.9,1.0,0.3,-0.09999999999999998,73.59999999999854,-20.0,-17.799999999999272,49.90365853658544,1.474841768285201
69,cpi,,3,2026-03-11 15:30:00,15:30,2,0.3,0.3,0.2,0.0,135.10000000000218,-62.30000000000291,38.89999999999782,49.90365853658544,2.7072163436866554
69,cpi,,3,2026-02-13 15:30:00,15:30,4,0.2,0.3,0.3,-0.09999999999999998,122.20000000000073,74.79999999999927,42.70000000000073,49.90365853658544,2.4487182620170684
69,cpi,,3,2026-01-13 15:30:00,15:30,1,0.3,0.3,0.3,0.0,134.0,80.5,39.099999999998545,49.90365853658544,2.6851738716062616
69,cpi,,3,2025-10-24 15:30:00,15:30,4,0.3,0.4,0.4,-0.10000000000000003,159.0,97.40000000000146,91.79999999999927,49.90365853658544,3.1861391461596686
75,eia-crude-oil-inventories,,3,2026-04-29 17:30:00,17:30,2,-6.234,0.3,1.925,-6.534,66.5,37.19999999999709,7.19999999999709,103.10250000000005,0.6449892097669792
75,eia-crude-oil-inventories,,3,2026-04-22 17:30:00,17:30,2,1.925,-1.9,-0.913,3.825,60.70000000000073,-21.200000000000728,0.2999999999992724,103.10250000000005,0.5887345117722722
75,eia-crude-oil-inventories,,3,2026-04-15 17:30:00,17:30,2,-0.913,2.1,3.081,-3.013,60.5,12.0,59.10000000000218,103.10250000000005,0.5867946946000336
75,eia-crude-oil-inventories,,3,2026-04-08 17:30:00,17:30,2,3.081,-1.0,5.451,4.0809999999999995,78.0,-21.900000000001455,-42.10000000000218,103.10250000000005,0.7565286971702914
75,eia-crude-oil-inventories,,3,2026-04-01 17:30:00,17:30,2,5.451,1.8,6.926,3.651,127.39999999999782,18.30000000000291,62.0,103.10250000000005,1.2356635387114547
75,eia-crude-oil-inventories,,3,2026-03-25 17:30:00,17:30,2,6.926,-1.3,6.156,8.226,61.5,12.0,-52.5,103.10250000000005,0.5964937804611913
75,eia-crude-oil-inventories,,3,2026-03-18 17:30:00,17:30,2,6.156,-1.5,3.824,7.656,52.400000000001455,9.900000000001455,65.70000000000073,103.10250000000005,0.5082320991246714
75,eia-crude-oil-inventories,,3,2026-03-11 17:30:00,17:30,2,3.824,2.8,3.475,1.024,99.29999999999927,7.5,-92.39999999999782,103.10250000000005,0.9631192260129408
75,eia-crude-oil-inventories,,3,2026-03-04 17:30:00,17:30,2,3.475,3.0,15.989,0.4750000000000001,109.20000000000073,-77.5,-32.39999999999782,103.10250000000005,1.059140176038415
75,eia-crude-oil-inventories,,3,2026-02-25 17:30:00,17:30,2,15.989,1.8,-9.014,14.189,64.59999999999854,-35.79999999999927,-33.79999999999927,103.10250000000005,0.6265609466307657
75,eia-crude-oil-inventories,,3,2026-02-19 19:00:00,19:00,3,-9.014,1.7,8.53,-10.713999999999999,92.60000000000218,2.100000000002183,-63.19999999999709,69.36535433070858,1.3349603832270405
75,eia-crude-oil-inventories,,3,2026-02-11 17:30:00,17:30,2,8.53,-0.2,-3.455,8.729999999999999,190.70000000000073,104.5,116.59999999999854,103.10250000000005,1.8496156737227578
75,eia-crude-oil-inventories,,3,2026-02-04 17:30:00,17:30,2,-3.455,-2.0,-2.295,-1.455,150.0,-38.19999999999709,-116.0,103.10250000000005,1.454862879173637
75,eia-crude-oil-inventories,,3,2026-01-28 17:30:00,17:30,2,-2.295,-0.2,3.602,-2.0949999999999998,70.0,-36.70000000000073,-38.20000000000073,103.10250000000005,0.6789360102810307
75,eia-crude-oil-inventories,,3,2026-01-22 19:00:00,19:00,3,3.602,-1.0,3.391,4.602,40.29999999999927,18.900000000001455,41.900000000001455,69.36535433070858,0.58098167866142
75,eia-crude-oil-inventories,,3,2026-01-14 17:30:00,17:30,2,3.391,-1.7,-3.832,5.091,163.70000000000073,-54.30000000000291,-34.80000000000291,103.10250000000005,1.587740355471503
75,eia-crude-oil-inventories,,3,2026-01-07 17:30:00,17:30,2,-3.832,-1.2,-1.934,-2.6319999999999997,99.20000000000073,-11.900000000001455,29.19999999999709,103.10250000000005,0.9621493174268391
75,eia-crude-oil-inventories,,3,2025-12-31 17:30:00,17:30,2,-1.934,0.5,0.405,-2.434,41.5,-14.799999999999272,-6.0,103.10250000000005,0.4025120632380396
75,eia-crude-oil-inventories,,3,2025-12-17 17:30:00,17:30,2,-1.274,-2.4,-1.812,1.126,274.0,-176.79999999999927,-250.1999999999971,103.10250000000005,2.6575495259571773
75,eia-crude-oil-inventories,,3,2025-12-10 17:30:00,17:30,2,-1.812,-1.2,0.574,-0.6120000000000001,77.10000000000218,-49.0,12.299999999999272,103.10250000000005,0.7477995198952707
75,eia-crude-oil-inventories,,3,2025-12-03 17:30:00,17:30,2,0.574,-1.9,2.774,2.4739999999999998,103.69999999999709,67.5,38.29999999999927,103.10250000000005,1.005795203802013
75,eia-crude-oil-inventories,,3,2025-11-26 17:30:00,17:30,2,2.774,-1.3,-3.426,4.074,58.20000000000073,34.20000000000073,132.20000000000073,103.10250000000005,0.5644867971193783
75,eia-crude-oil-inventories,,3,2025-11-19 17:30:00,17:30,2,-3.426,-0.6,6.413,-2.826,163.79999999999927,-42.0,-247.20000000000073,103.10250000000005,1.5887102640576047
75,eia-crude-oil-inventories,,3,2025-11-13 19:00:00,19:00,3,6.413,1.0,5.202,5.413,84.70000000000073,-19.5,-57.0,69.36535433070858,1.2210706745067887
75,eia-crude-oil-inventories,,3,2025-11-05 17:30:00,17:30,2,5.202,-2.5,-6.858,7.702,59.5,13.200000000000728,53.20000000000073,103.10250000000005,0.5770956087388761
75,eia-crude-oil-inventories,,3,2025-10-29 17:30:00,17:30,2,-6.858,-0.9,-0.961,-5.957999999999999,64.5,-20.700000000000728,-44.20000000000073,103.10250000000005,0.625591038044664
75,eia-crude-oil-inventories,,3,2025-10-22 17:30:00,17:30,2,-0.961,2.2,3.524,-3.161,90.09999999999854,-51.29999999999927,-97.29999999999927,103.10250000000005,0.873887636090284
75,eia-crude-oil-inventories,,3,2025-10-16 19:00:00,19:00,3,3.524,0.3,3.715,3.224,99.5,6.5,-45.10000000000218,69.36535433070858,1.434433673121894
75,eia-crude-oil-inventories,,3,2025-10-08 17:30:00,17:30,2,3.715,2.25,1.792,1.4649999999999999,49.599999999998545,-20.5,19.5,103.10250000000005,0.48107465871340194
81,current-account,,2,2026-03-25 15:30:00,15:30,2,-190.7,-211.0,-239.1,20.30000000000001,82.5,-4.5,-1.2999999999992724,49.90365853658544,1.6531854060262432
81,current-account,,2,2026-01-14 15:30:00,15:30,2,-226.4,-235.0,-249.2,8.599999999999994,70.70000000000073,-49.099999999998545,-56.70000000000073,49.90365853658544,1.4167297964370498
86,durable-goods-orders,,2,2026-04-29 15:30:00,15:30,2,0.8,0.4,-1.2,0.4,55.599999999998545,9.400000000001455,-24.799999999999272,49.90365853658544,1.114146770606748
86,durable-goods-orders,,2,2026-04-07 15:30:00,15:30,1,-1.4,-1.1,-0.5,-0.2999999999999998,69.5,-37.79999999999927,-0.09999999999854481,49.90365853658544,1.3926834632584717
86,durable-goods-orders,,2,2026-03-13 15:30:00,15:30,4,0.0,1.1,-0.9,-1.1,99.29999999999927,6.600000000002183,-3.1999999999970896,49.90365853658544,1.9898340705261182
86,durable-goods-orders,,2,2026-02-18 15:30:00,15:30,2,-1.4,-1.8,5.4,0.40000000000000013,97.59999999999854,-46.099999999998545,-83.09999999999854,49.90365853658544,1.9557684318564719
86,durable-goods-orders,,2,2026-01-26 15:30:00,15:30,0,5.3,3.1,-2.1,2.1999999999999997,54.29999999999927,-15.0,58.79999999999927,49.90365853658544,1.0880965763299855
86,durable-goods-orders,,2,2025-12-23 15:30:00,15:30,1,-2.2,-1.5,0.7,-0.7000000000000002,68.69999999999709,-33.5,-28.599999999998545,49.90365853658544,1.3766525744727043
86,durable-goods-orders,,2,2025-11-26 15:30:00,15:30,2,0.5,0.5,3.0,0.0,37.5,-2.7999999999992724,25.200000000000728,49.90365853658544,0.7514479118301106
99,existing-home-sales,,3,2026-04-13 17:00:00,17:00,0,3.98,4.07,4.13,-0.0900000000000003,84.09999999999854,-25.5,44.60000000000218,101.07999999999997,0.8320142461416559
99,existing-home-sales,,3,2026-03-10 17:00:00,17:00,1,4.09,3.89,4.02,0.19999999999999973,102.20000000000073,-33.0,188.5,101.07999999999997,1.0110803324099797
99,existing-home-sales,,3,2026-02-12 17:00:00,17:00,3,3.91,4.16,4.27,-0.25,87.79999999999927,26.900000000001455,-196.09999999999854,101.07999999999997,0.8686189157103215
99,existing-home-sales,,3,2026-01-14 17:00:00,17:00,2,4.35,4.21,4.14,0.13999999999999968,158.5,88.59999999999854,-93.90000000000146,101.07999999999997,1.5680648990898303
99,existing-home-sales,,3,2025-12-19 17:00:00,17:00,4,4.13,4.15,4.11,-0.020000000000000462,92.29999999999927,-21.799999999999272,-75.5,101.07999999999997,0.9131381084289603
99,existing-home-sales,,3,2025-11-20 17:00:00,17:00,3,4.1,4.08,4.05,0.019999999999999574,142.1999999999971,-90.20000000000073,-112.39999999999782,101.07999999999997,1.4068064899089545
99,existing-home-sales,,3,2025-10-23 17:00:00,17:00,3,4.06,4.06,4.0,0.0,90.90000000000146,-23.5,30.099999999998545,101.07999999999997,0.8992876929165164
100,factory-orders,,2,2026-04-10 17:00:00,17:00,4,0.0,-0.3,0.0,0.3,74.29999999999927,2.900000000001455,32.20000000000073,101.07999999999997,0.7350613375544054
100,factory-orders,,2,2026-03-18 17:00:00,17:00,2,0.1,0.1,-0.4,0.0,96.30000000000291,-76.70000000000073,-87.89999999999782,101.07999999999997,0.9527107241788974
100,factory-orders,,2,2026-02-23 17:00:00,17:00,0,-0.7,-0.4,2.7,-0.29999999999999993,109.70000000000073,-39.10000000000218,-170.5,101.07999999999997,1.0852789869410444
100,factory-orders,,2,2026-01-29 17:00:00,17:00,3,2.7,1.7,-1.2,1.0000000000000002,148.40000000000146,-143.0,-287.2999999999993,101.07999999999997,1.4681440443213445
100,factory-orders,,2,2026-01-07 17:00:00,17:00,2,-1.3,-1.1,0.2,-0.19999999999999996,57.0,2.899999999997817,49.39999999999782,101.07999999999997,0.5639097744360904
100,factory-orders,,2,2025-12-04 17:00:00,17:00,3,0.2,,1.3,,50.20000000000073,12.299999999999272,15.0,101.07999999999997,0.49663632766126575
100,factory-orders,,2,2025-11-18 17:00:00,17:00,1,1.4,1.4,-1.3,0.0,177.40000000000146,5.900000000001455,-66.09999999999854,101.07999999999997,1.7550455085081273
103,fed-governor-kroszner-speaks,,2,2025-12-11 11:00:00,11:00,3,,,,,64.40000000000146,32.900000000001455,66.60000000000218,47.83541666666679,1.3462828274030147
108,fomc-meeting-minutes,,3,2026-04-08 21:00:00,21:00,2,,,,,96.79999999999927,26.700000000000728,-139.79999999999927,59.729508196721284,1.6206394949910685
108,fomc-meeting-minutes,,3,2026-02-18 21:00:00,21:00,2,,,,,41.29999999999927,-15.799999999999272,-141.0,59.729508196721284,0.6914505283381246
108,fomc-meeting-minutes,,3,2025-12-30 21:00:00,21:00,1,,,,,27.600000000002183,2.599999999998545,-21.200000000000728,59.729508196721284,0.46208316179501413
108,fomc-meeting-minutes,,3,2025-11-19 21:00:00,21:00,2,,,,,71.29999999999927,-18.19999999999709,-28.899999999997817,59.729508196721284,1.1937148346370132
108,fomc-meeting-minutes,,3,2025-10-08 21:00:00,21:00,2,,,,,31.399999999997817,17.299999999999272,-3.0,59.729508196721284,0.5257033072594669
151,housing-starts,,2,2026-04-29 15:30:00,15:30,2,1.502,1.38,1.398,0.12200000000000011,55.599999999998545,9.400000000001455,-24.799999999999272,49.90365853658544,1.114146770606748
151,housing-starts,,2,2026-03-12 15:30:00,15:30,3,1.487,1.34,1.387,0.14700000000000002,40.5,-18.5,-63.5,49.90365853658544,0.8115637447765194
151,housing-starts,,2,2026-02-18 15:30:00,15:30,2,1.404,1.31,1.272,0.09399999999999986,97.59999999999854,-46.099999999998545,-83.09999999999854,49.90365853658544,1.9557684318564719
151,housing-starts,,2,2026-01-09 15:30:00,15:30,4,1.246,,1.291,,66.60000000000218,52.5,-27.399999999997817,49.90365853658544,1.3345714914103202
153,import-price-index,,2,2026-04-15 15:30:00,15:30,2,0.8,2.3,0.9,-1.4999999999999998,36.20000000000073,27.099999999998545,48.0,49.90365853658544,0.725397717553348
153,import-price-index,,2,2026-03-25 15:30:00,15:30,2,1.3,0.6,0.6,0.7000000000000001,82.5,-4.5,-1.2999999999992724,49.90365853658544,1.6531854060262432
153,import-price-index,,2,2026-03-05 15:30:00,15:30,3,0.2,0.3,0.2,-0.09999999999999998,75.59999999999854,-34.20000000000073,-68.70000000000073,49.90365853658544,1.5149189902494737
153,import-price-index,,2,2026-02-10 15:30:00,15:30,1,0.1,0.1,0.4,0.0,66.09999999999854,19.299999999999272,45.0,49.90365853658544,1.3245521859191791
153,import-price-index,,2,2026-01-15 15:30:00,15:30,3,0.4,-0.1,0.0,0.5,61.099999999998545,23.700000000000728,55.79999999999927,49.90365853658544,1.2243591310084976
153,import-price-index,,2,2025-12-03 15:30:00,15:30,2,0.0,0.1,0.1,-0.1,17.5,-5.799999999999272,-166.40000000000146,49.90365853658544,0.3506756921873849
161,industrial-production,,2,2026-04-16 16:15:00,16:15,3,-0.5,0.1,0.7,-0.6,92.79999999999927,27.299999999999272,-55.20000000000073,115.36549295774654,0.8043999780245203
161,industrial-production,,2,2026-03-16 16:15:00,16:15,0,0.2,0.1,0.7,0.1,92.79999999999927,-2.100000000002183,78.59999999999854,115.36549295774654,0.8043999780245203
161,industrial-production,,2,2026-02-18 16:15:00,16:15,2,0.7,0.4,0.2,0.29999999999999993,95.0,-19.900000000001455,211.0,115.36549295774654,0.8234698050897633
161,industrial-production,,2,2026-01-16 16:15:00,16:15,4,0.4,0.1,0.4,0.30000000000000004,58.89999999999782,29.599999999998545,-117.70000000000073,115.36549295774654,0.5105512791556343
161,industrial-production,,2,2025-12-23 16:15:00,16:15,1,0.2,,-0.1,,112.30000000000291,19.200000000000728,24.700000000000728,115.36549295774654,0.9734279906482401
161,industrial-production,,2,2025-12-03 16:15:00,16:15,2,0.1,0.1,-0.3,0.0,113.70000000000073,63.0,82.90000000000146,115.36549295774654,0.9855633351442808
168,interest-rate-decision,,3,2026-04-29 21:00:00,21:00,2,3.75,3.75,3.75,0.0,96.30000000000291,-57.79999999999927,46.20000000000073,59.729508196721284,1.6122684232194813
168,interest-rate-decision,,3,2026-03-18 21:00:00,21:00,2,3.75,3.75,3.75,0.0,89.09999999999854,-7.399999999997817,-137.0,59.729508196721284,1.491724989707675
168,interest-rate-decision,,3,2026-01-28 21:00:00,21:00,2,3.75,3.75,3.75,0.0,77.40000000000146,-26.700000000000728,-9.399999999997817,59.729508196721284,1.2958419102511571
168,interest-rate-decision,,3,2025-12-10 21:00:00,21:00,2,3.75,3.75,4.0,0.0,132.79999999999927,79.19999999999709,208.6999999999971,59.729508196721284,2.223356662549735
168,interest-rate-decision,,3,2025-10-29 21:00:00,21:00,2,4.0,4.0,4.25,0.0,78.5,-27.599999999998545,-66.79999999999927,59.729508196721284,1.3142582681487587
173,ism-manufacturing-pmi,,3,2026-05-01 17:00:00,17:00,4,52.7,53.1,52.7,-0.3999999999999986,53.5,17.19999999999709,-57.0,101.07999999999997,0.5292837356549269
173,ism-manufacturing-pmi,,3,2026-04-01 17:00:00,17:00,2,52.7,52.3,52.4,0.4000000000000057,100.40000000000146,47.80000000000291,143.20000000000073,101.07999999999997,0.9932726553225315
173,ism-manufacturing-pmi,,3,2026-03-02 17:00:00,17:00,0,52.4,51.7,52.6,0.6999999999999957,142.40000000000146,71.20000000000073,63.900000000001455,101.07999999999997,1.4087851206964928
173,ism-manufacturing-pmi,,3,2026-02-02 17:00:00,17:00,0,52.6,48.5,47.9,4.100000000000001,176.90000000000146,126.60000000000218,92.29999999999927,101.07999999999997,1.7500989315393898
173,ism-manufacturing-pmi,,3,2026-01-05 17:00:00,17:00,0,47.9,48.3,48.2,-0.3999999999999986,97.29999999999927,48.099999999998545,74.0,101.07999999999997,0.9626038781163366
173,ism-manufacturing-pmi,,3,2025-12-01 17:00:00,17:00,0,48.2,49.0,48.7,-0.7999999999999972,59.80000000000291,-7.099999999998545,51.599999999998545,101.07999999999997,0.5916106054610499
173,ism-manufacturing-pmi,,3,2025-11-03 17:00:00,17:00,0,48.7,49.4,49.1,-0.6999999999999957,71.5,-10.900000000001455,-48.60000000000218,101.07999999999997,0.7073605065294818
174,ism-manufacturing-prices,,2,2026-05-01 17:00:00,17:00,4,84.6,80.0,78.3,4.599999999999994,53.5,17.19999999999709,-57.0,101.07999999999997,0.5292837356549269
174,ism-manufacturing-prices,,2,2026-04-01 17:00:00,17:00,2,78.3,74.0,70.5,4.299999999999997,100.40000000000146,47.80000000000291,143.20000000000073,101.07999999999997,0.9932726553225315
174,ism-manufacturing-prices,,2,2026-03-02 17:00:00,17:00,0,70.5,60.6,59.0,9.899999999999999,142.40000000000146,71.20000000000073,63.900000000001455,101.07999999999997,1.4087851206964928
174,ism-manufacturing-prices,,2,2026-02-02 17:00:00,17:00,0,59.0,59.3,58.5,-0.29999999999999716,176.90000000000146,126.60000000000218,92.29999999999927,101.07999999999997,1.7500989315393898
174,ism-manufacturing-prices,,2,2026-01-05 17:00:00,17:00,0,58.5,59.0,58.5,-0.5,97.29999999999927,48.099999999998545,74.0,101.07999999999997,0.9626038781163366
174,ism-manufacturing-prices,,2,2025-12-01 17:00:00,17:00,0,58.5,59.5,58.0,-1.0,59.80000000000291,-7.099999999998545,51.599999999998545,101.07999999999997,0.5916106054610499
174,ism-manufacturing-prices,,2,2025-11-03 17:00:00,17:00,0,58.0,62.4,61.9,-4.399999999999999,71.5,-10.900000000001455,-48.60000000000218,101.07999999999997,0.7073605065294818
176,ism-non-manufacturing-pmi,,3,2026-04-06 17:00:00,17:00,0,54.0,54.8,56.1,-0.7999999999999972,178.70000000000073,-58.29999999999927,-106.0,101.07999999999997,1.767906608626838
176,ism-non-manufacturing-pmi,,3,2026-03-04 17:00:00,17:00,2,56.1,53.5,53.8,2.6000000000000014,200.20000000000073,57.0,206.70000000000073,101.07999999999997,1.9806094182825562
176,ism-non-manufacturing-pmi,,3,2026-02-04 17:00:00,17:00,2,53.8,53.5,53.8,0.29999999999999716,170.5,21.600000000002183,-45.099999999998545,101.07999999999997,1.6867827463395335
176,ism-non-manufacturing-pmi,,3,2026-01-07 17:00:00,17:00,2,54.4,52.2,52.6,2.1999999999999957,57.0,2.899999999997817,49.39999999999782,101.07999999999997,0.5639097744360904
176,ism-non-manufacturing-pmi,,3,2025-12-03 17:00:00,17:00,2,52.6,52.0,52.4,0.6000000000000014,83.69999999999709,18.100000000002183,65.30000000000291,101.07999999999997,0.8280569845666513
176,ism-non-manufacturing-pmi,,3,2025-11-05 17:00:00,17:00,2,52.4,50.7,50.0,1.6999999999999957,97.30000000000291,-37.099999999998545,34.70000000000073,101.07999999999997,0.9626038781163726
176,ism-non-manufacturing-pmi,,3,2025-10-03 17:00:00,17:00,4,50.0,51.8,52.0,-1.7999999999999972,51.10000000000218,-30.900000000001455,9.299999999999272,101.07999999999997,0.5055401662050079
222,new-home-sales,,3,2026-03-19 17:00:00,17:00,3,587.0,722.0,712.0,-135.0,116.20000000000073,-7.0,-13.900000000001455,101.07999999999997,1.1495844875346335
222,new-home-sales,,3,2026-02-20 17:00:00,17:00,4,745.0,732.0,656.0,13.0,217.70000000000073,29.100000000002183,220.60000000000218,101.07999999999997,2.1537396121883736
222,new-home-sales,,3,2026-01-13 17:00:00,17:00,1,737.0,716.0,738.0,21.0,140.09999999999854,-33.70000000000073,-53.20000000000073,101.07999999999997,1.386030866640271
227,nonfarm-payrolls,,3,2026-03-06 15:30:00,15:30,4,-92.0,58.0,126.0,-150.0,227.90000000000146,-133.6999999999971,-182.1999999999971,49.90365853658544,4.566799442828888
227,nonfarm-payrolls,,3,2026-02-11 15:30:00,15:30,2,130.0,66.0,48.0,64.0,174.29999999999927,90.09999999999854,166.79999999999927,49.90365853658544,3.4927298941863394
227,nonfarm-payrolls,,3,2026-01-09 15:30:00,15:30,4,50.0,66.0,56.0,-16.0,66.60000000000218,52.5,-27.399999999997817,49.90365853658544,1.3345714914103202
227,nonfarm-payrolls,,3,2025-12-16 15:30:00,15:30,1,64.0,51.0,-105.0,13.0,139.20000000000073,-13.5,-54.400000000001455,49.90365853658544,2.789374648713385
227,nonfarm-payrolls,,3,2025-11-20 15:30:00,15:30,3,119.0,53.0,-4.0,66.0,131.79999999999927,62.900000000001455,73.5,49.90365853658544,2.6410889274455474
228,nonfarm-productivity,,2,2026-03-24 15:30:00,15:30,1,1.8,2.8,4.9,-0.9999999999999998,93.59999999999854,-84.40000000000146,-100.70000000000073,49.90365853658544,1.8756139879279268
228,nonfarm-productivity,,2,2026-03-05 15:30:00,15:30,3,2.8,1.9,5.2,0.8999999999999999,75.59999999999854,-34.20000000000073,-68.70000000000073,49.90365853658544,1.5149189902494737
228,nonfarm-productivity,,2,2026-01-29 15:30:00,15:30,3,4.9,4.9,3.3,0.0,44.29999999999927,24.099999999998545,-40.5,49.90365853658544,0.8877104665086227
228,nonfarm-productivity,,2,2026-01-08 15:30:00,15:30,3,4.9,4.9,4.1,0.0,31.700000000000728,-5.700000000000728,-18.900000000001455,49.90365853658544,0.6352239681337347
232,pending-home-sales,,2,2026-04-21 17:00:00,17:00,1,1.5,0.0,2.5,1.5,69.20000000000073,17.900000000001455,-102.0,101.07999999999997,0.6846062524732959
232,pending-home-sales,,2,2026-03-17 17:00:00,17:00,1,1.8,-0.6,-1.0,2.4,98.59999999999854,-66.30000000000291,-16.700000000000728,101.07999999999997,0.9754649782350472
232,pending-home-sales,,2,2026-02-19 17:00:00,17:00,3,-0.8,1.4,-7.4,-2.2,101.29999999999927,-3.399999999997817,43.400000000001455,101.07999999999997,1.0021764938662376
232,pending-home-sales,,2,2026-01-21 17:00:00,17:00,2,-9.3,-0.3,3.3,-9.0,80.5,1.4000000000014552,143.90000000000146,101.07999999999997,0.7963988919667593
232,pending-home-sales,,2,2025-12-29 17:00:00,17:00,0,3.3,1.0,2.4,2.3,79.09999999999854,-46.5,-20.700000000000728,101.07999999999997,0.7825484764542795
232,pending-home-sales,,2,2025-11-25 17:00:00,17:00,1,1.9,0.5,0.1,1.4,163.39999999999782,-75.0,-0.2999999999992724,101.07999999999997,1.6165413533834376
232,pending-home-sales,,2,2025-10-29 17:00:00,17:00,2,0.0,1.6,4.2,-1.6,59.70000000000073,-32.599999999998545,-59.29999999999927,101.07999999999997,0.5906212900672808
235,personal-spending,,2,2026-04-30 15:30:00,15:30,3,0.9,0.9,0.6,0.0,71.09999999999854,-53.89999999999782,-44.79999999999927,49.90365853658544,1.4247452408298604
235,personal-spending,,2,2026-04-09 15:30:00,15:30,3,0.5,0.6,0.3,-0.09999999999999998,45.599999999998545,3.0,44.599999999998545,49.90365853658544,0.9137606607853853
235,personal-spending,,2,2026-03-13 15:30:00,15:30,4,0.4,0.3,0.4,0.10000000000000003,99.29999999999927,6.600000000002183,-3.1999999999970896,49.90365853658544,1.9898340705261182
235,personal-spending,,2,2026-02-20 15:30:00,15:30,4,0.4,0.4,0.4,0.0,136.70000000000073,-112.59999999999854,-142.90000000000146,49.90365853658544,2.739278121258044
235,personal-spending,,2,2026-01-22 17:00:00,17:00,3,0.5,0.5,0.5,0.0,71.79999999999927,-26.700000000000728,26.099999999998545,101.07999999999997,0.7103284527107172
235,personal-spending,,2,2025-12-05 17:00:00,17:00,4,0.3,0.3,0.5,0.0,100.0,67.60000000000218,-47.599999999998545,101.07999999999997,0.989315393747527
236,philadelphia-fed-manufacturing-ind,,3,2026-04-16 15:30:00,15:30,3,26.7,10.3,18.1,16.4,37.599999999998545,-11.5,14.299999999999272,49.90365853658544,0.753451772928295
236,philadelphia-fed-manufacturing-ind,,3,2026-03-19 15:30:00,15:30,3,18.1,8.3,16.3,9.8,89.39999999999782,25.0,-47.79999999999927,49.90365853658544,1.7914518218029398
236,philadelphia-fed-manufacturing-ind,,3,2026-02-19 15:30:00,15:30,3,16.3,7.5,12.6,8.8,78.29999999999927,18.799999999999272,2.599999999998545,49.90365853658544,1.5690232399012563
236,philadelphia-fed-manufacturing-ind,,3,2026-01-15 15:30:00,15:30,3,12.6,-1.6,-8.8,14.2,61.099999999998545,23.700000000000728,55.79999999999927,49.90365853658544,1.2243591310084976
236,philadelphia-fed-manufacturing-ind,,3,2025-12-18 15:30:00,15:30,3,-10.2,2.5,-1.7,-12.7,155.5,140.89999999999782,171.59999999999854,49.90365853658544,3.116004007722192
236,philadelphia-fed-manufacturing-ind,,3,2025-11-20 15:30:00,15:30,3,-1.7,1.0,-12.8,-2.7,131.79999999999927,62.900000000001455,73.5,49.90365853658544,2.6410889274455474
236,philadelphia-fed-manufacturing-ind,,3,2025-10-16 15:30:00,15:30,3,-12.8,8.6,23.2,-21.4,62.70000000000073,50.30000000000291,-0.19999999999708962,49.90365853658544,1.2564209085799594
238,ppi,,3,2026-04-14 15:30:00,15:30,1,0.5,1.1,0.5,-0.6000000000000001,53.70000000000073,-14.399999999997817,-37.70000000000073,49.90365853658544,1.076073409740733
238,ppi,,3,2026-03-18 15:30:00,15:30,2,0.7,0.3,0.5,0.39999999999999997,142.10000000000218,-98.19999999999709,-93.69999999999709,49.90365853658544,2.8474866205616096
238,ppi,,3,2026-02-27 15:30:00,15:30,4,0.5,0.3,0.4,0.2,90.19999999999709,-49.20000000000073,-74.09999999999854,49.90365853658544,1.8074827105886344
238,ppi,,3,2026-01-30 15:30:00,15:30,4,0.5,0.2,0.2,0.3,68.90000000000146,-6.899999999997817,-15.5,49.90365853658544,1.380660296669219
238,ppi,,3,2026-01-14 15:30:00,15:30,2,0.2,0.2,0.6,0.0,70.70000000000073,-49.099999999998545,-56.70000000000073,49.90365853658544,1.4167297964370498
238,ppi,,3,2025-11-25 15:30:00,15:30,1,0.3,0.3,-0.1,0.0,81.89999999999782,-62.900000000001455,-81.90000000000146,49.90365853658544,1.6411622394369179
256,retail-sales,,3,2026-04-21 15:30:00,15:30,1,1.7,1.4,0.7,0.30000000000000004,58.10000000000218,-31.299999999999272,-51.0,49.90365853658544,1.1642432980621618
256,retail-sales,,3,2026-04-01 15:30:00,15:30,2,0.6,0.5,-0.1,0.09999999999999998,184.5,32.69999999999709,-53.80000000000291,49.90365853658544,3.697123726204144
256,retail-sales,,3,2026-03-06 15:30:00,15:30,4,-0.2,-0.3,0.0,0.09999999999999998,227.90000000000146,-133.6999999999971,-182.1999999999971,49.90365853658544,4.566799442828888
256,retail-sales,,3,2026-02-10 15:30:00,15:30,1,0.0,0.4,0.6,-0.4,66.09999999999854,19.299999999999272,45.0,49.90365853658544,1.3245521859191791
256,retail-sales,,3,2026-01-14 15:30:00,15:30,2,0.6,0.5,-0.1,0.09999999999999998,70.70000000000073,-49.099999999998545,-56.70000000000073,49.90365853658544,1.4167297964370498
256,retail-sales,,3,2025-12-16 15:30:00,15:30,1,0.0,0.1,0.1,-0.1,139.20000000000073,-13.5,-54.400000000001455,49.90365853658544,2.789374648713385
256,retail-sales,,3,2025-11-25 15:30:00,15:30,1,0.2,0.4,0.6,-0.2,81.89999999999782,-62.900000000001455,-81.90000000000146,49.90365853658544,1.6411622394369179
283,tic-net-long-term-transactions,,2,2026-04-15 23:00:00,23:00,2,58.6,36.6,2.4,22.0,37.5,-22.799999999999272,-7.299999999999272,55.577443609022524,0.6747341648854139
283,tic-net-long-term-transactions,,2,2026-03-18 23:00:00,23:00,2,15.5,71.6,96.5,-56.099999999999994,79.0,-28.399999999997817,-38.20000000000073,55.577443609022524,1.4214399740252721
283,tic-net-long-term-transactions,,2,2026-02-18 23:00:00,23:00,2,28.0,,206.6,,36.599999999998545,-12.299999999999272,-19.399999999997817,55.577443609022524,0.6585405449281378
283,tic-net-long-term-transactions,,2,2026-01-15 23:00:00,23:00,3,220.2,48.7,30.9,171.5,31.900000000001455,-15.099999999998545,-10.599999999998545,55.577443609022524,0.5739738629292184
283,tic-net-long-term-transactions,,2,2025-12-18 23:00:00,23:00,3,17.5,122.7,173.2,-105.2,52.5,-43.099999999998545,-32.79999999999927,55.577443609022524,0.9446278308395796
283,tic-net-long-term-transactions,,2,2025-11-18 23:00:00,23:00,1,134.2,126.1,39.0,8.099999999999994,67.5,-21.0,-55.70000000000073,55.577443609022524,1.2145214967937452
286,trade-balance,,2,2026-04-02 15:30:00,15:30,3,-57.3,-60.5,-54.7,3.200000000000003,45.19999999999709,15.299999999999272,35.19999999999709,49.90365853658544,0.9057452163925016
286,trade-balance,,2,2026-03-12 15:30:00,15:30,3,-54.5,-66.6,-72.9,12.099999999999994,40.5,-18.5,-63.5,49.90365853658544,0.8115637447765194
286,trade-balance,,2,2026-02-19 15:30:00,15:30,3,-70.3,55.5,-53.0,-125.8,78.29999999999927,18.799999999999272,2.599999999998545,49.90365853658544,1.5690232399012563
286,trade-balance,,2,2026-01-29 15:30:00,15:30,3,-56.8,-43.4,-29.2,-13.399999999999999,44.29999999999927,24.099999999998545,-40.5,49.90365853658544,0.8877104665086227
286,trade-balance,,2,2026-01-08 15:30:00,15:30,3,-29.4,-58.1,-48.1,28.700000000000003,31.700000000000728,-5.700000000000728,-18.900000000001455,49.90365853658544,0.6352239681337347
286,trade-balance,,2,2025-12-11 15:30:00,15:30,3,-52.8,-62.5,-59.3,9.700000000000003,46.20000000000073,-28.799999999999272,-27.599999999998545,49.90365853658544,0.9257838273747108
286,trade-balance,,2,2025-11-19 15:30:00,15:30,2,-59.6,-61.3,-78.2,1.6999999999999957,47.29999999999927,-16.0,-75.60000000000218,49.90365853658544,0.9478262994550316
294,initial-jobless-claims,,3,2026-04-30 15:30:00,15:30,3,189.0,213.0,215.0,-24.0,71.09999999999854,-53.89999999999782,-44.79999999999927,49.90365853658544,1.4247452408298604
294,initial-jobless-claims,,3,2026-04-23 15:30:00,15:30,3,214.0,211.0,208.0,3.0,82.79999999999927,0.3999999999978172,-18.900000000001455,49.90365853658544,1.6591969893208696
294,initial-jobless-claims,,3,2026-04-16 15:30:00,15:30,3,207.0,213.0,218.0,-6.0,37.599999999998545,-11.5,14.299999999999272,49.90365853658544,0.753451772928295
294,initial-jobless-claims,,3,2026-04-09 15:30:00,15:30,3,219.0,210.0,203.0,9.0,45.599999999998545,3.0,44.599999999998545,49.90365853658544,0.9137606607853853
294,initial-jobless-claims,,3,2026-04-02 15:30:00,15:30,3,202.0,212.0,211.0,-10.0,45.19999999999709,15.299999999999272,35.19999999999709,49.90365853658544,0.9057452163925016
294,initial-jobless-claims,,3,2026-03-26 15:30:00,15:30,3,210.0,211.0,205.0,-1.0,58.79999999999927,-40.5,22.700000000000728,49.90365853658544,1.1782703257495988
294,initial-jobless-claims,,3,2026-03-19 15:30:00,15:30,3,205.0,215.0,213.0,-10.0,89.39999999999782,25.0,-47.79999999999927,49.90365853658544,1.7914518218029398
294,initial-jobless-claims,,3,2026-03-12 15:30:00,15:30,3,213.0,214.0,214.0,-1.0,40.5,-18.5,-63.5,49.90365853658544,0.8115637447765194
294,initial-jobless-claims,,3,2026-03-05 15:30:00,15:30,3,213.0,215.0,213.0,-2.0,75.59999999999854,-34.20000000000073,-68.70000000000073,49.90365853658544,1.5149189902494737
294,initial-jobless-claims,,3,2026-02-26 15:30:00,15:30,3,212.0,217.0,208.0,-5.0,29.099999999998545,-9.700000000000728,-53.5,49.90365853658544,0.5831235795801366
294,initial-jobless-claims,,3,2026-02-19 15:30:00,15:30,3,206.0,223.0,229.0,-17.0,78.29999999999927,18.799999999999272,2.599999999998545,49.90365853658544,1.5690232399012563
294,initial-jobless-claims,,3,2026-02-12 15:30:00,15:30,3,227.0,222.0,232.0,5.0,85.39999999999782,68.0,2.600000000002183,49.90365853658544,1.7112973778743947
294,initial-jobless-claims,,3,2026-02-05 15:30:00,15:30,3,231.0,212.0,209.0,19.0,106.5,23.0,-21.799999999999272,49.90365853658544,2.134112069597514
294,initial-jobless-claims,,3,2026-01-29 15:30:00,15:30,3,209.0,206.0,210.0,3.0,44.29999999999927,24.099999999998545,-40.5,49.90365853658544,0.8877104665086227
294,initial-jobless-claims,,3,2026-01-22 15:30:00,15:30,3,200.0,209.0,199.0,-9.0,54.400000000001455,-12.30000000000291,25.799999999999272,49.90365853658544,1.0901004374282428
294,initial-jobless-claims,,3,2026-01-15 15:30:00,15:30,3,198.0,215.0,207.0,-17.0,61.099999999998545,23.700000000000728,55.79999999999927,49.90365853658544,1.2243591310084976
294,initial-jobless-claims,,3,2026-01-08 15:30:00,15:30,3,208.0,213.0,200.0,-5.0,31.700000000000728,-5.700000000000728,-18.900000000001455,49.90365853658544,0.6352239681337347
294,initial-jobless-claims,,3,2025-12-31 15:30:00,15:30,2,199.0,219.0,215.0,-20.0,73.39999999999782,28.399999999997817,33.29999999999927,49.90365853658544,1.4708340460887595
294,initial-jobless-claims,,3,2025-12-24 15:30:00,15:30,2,214.0,224.0,224.0,-10.0,23.100000000002183,8.299999999999272,-17.0,49.90365853658544,0.46289191368739185
294,initial-jobless-claims,,3,2025-12-18 15:30:00,15:30,3,224.0,224.0,237.0,0.0,155.5,140.89999999999782,171.59999999999854,49.90365853658544,3.116004007722192
294,initial-jobless-claims,,3,2025-12-11 15:30:00,15:30,3,236.0,220.0,192.0,16.0,46.20000000000073,-28.799999999999272,-27.599999999998545,49.90365853658544,0.9257838273747108
294,initial-jobless-claims,,3,2025-12-04 15:30:00,15:30,3,191.0,219.0,218.0,-28.0,47.20000000000073,-13.299999999999272,56.900000000001455,49.90365853658544,0.9458224383568471
294,initial-jobless-claims,,3,2025-11-26 15:30:00,15:30,2,216.0,226.0,222.0,-10.0,37.5,-2.7999999999992724,25.200000000000728,49.90365853658544,0.7514479118301106
294,initial-jobless-claims,,3,2025-11-20 15:30:00,15:30,3,220.0,,228.0,,131.79999999999927,62.900000000001455,73.5,49.90365853658544,2.6410889274455474
294,initial-jobless-claims,,3,2025-11-20 15:25:00,15:25,3,235.0,227.0,224.0,8.0,123.39999999999782,46.20000000000073,75.10000000000218,60.77702702702693,2.0303724291272602
294,initial-jobless-claims,,3,2025-11-18 10:10:00,10:10,1,232.0,223.0,219.0,9.0,84.40000000000146,-14.700000000000728,35.0,44.814189189189115,1.8833320768941177
300,unemployment-rate,,3,2026-03-06 15:30:00,15:30,4,4.4,4.3,4.3,0.10000000000000053,227.90000000000146,-133.6999999999971,-182.1999999999971,49.90365853658544,4.566799442828888
300,unemployment-rate,,3,2026-02-11 15:30:00,15:30,2,4.3,4.4,4.4,-0.10000000000000053,174.29999999999927,90.09999999999854,166.79999999999927,49.90365853658544,3.4927298941863394
300,unemployment-rate,,3,2026-01-09 15:30:00,15:30,4,4.4,4.5,4.5,-0.09999999999999964,66.60000000000218,52.5,-27.399999999997817,49.90365853658544,1.3345714914103202
300,unemployment-rate,,3,2025-12-16 15:30:00,15:30,1,4.6,4.5,4.4,0.09999999999999964,139.20000000000073,-13.5,-54.400000000001455,49.90365853658544,2.789374648713385
300,unemployment-rate,,3,2025-11-20 15:30:00,15:30,3,4.4,4.3,4.3,0.10000000000000053,131.79999999999927,62.900000000001455,73.5,49.90365853658544,2.6410889274455474
303,unit-labor-costs,,2,2026-03-24 15:30:00,15:30,1,4.4,2.8,1.0,1.6000000000000005,93.59999999999854,-84.40000000000146,-100.70000000000073,49.90365853658544,1.8756139879279268
303,unit-labor-costs,,2,2026-03-05 15:30:00,15:30,3,2.8,2.0,-1.8,0.7999999999999998,75.59999999999854,-34.20000000000073,-68.70000000000073,49.90365853658544,1.5149189902494737
303,unit-labor-costs,,2,2026-01-29 15:30:00,15:30,3,-1.9,-1.9,1.0,0.0,44.29999999999927,24.099999999998545,-40.5,49.90365853658544,0.8877104665086227
303,unit-labor-costs,,2,2026-01-08 15:30:00,15:30,3,-1.9,0.0,-2.9,-1.9,31.700000000000728,-5.700000000000728,-18.900000000001455,49.90365853658544,0.6352239681337347
320,michigan-consumer-sentiment,,2,2026-04-24 17:00:00,17:00,4,49.8,47.6,53.3,2.1999999999999957,108.0,39.599999999998545,95.40000000000146,101.07999999999997,1.0684606252473292
320,michigan-consumer-sentiment,,2,2026-04-10 17:00:00,17:00,4,47.6,51.6,53.3,-4.0,74.29999999999927,2.900000000001455,32.20000000000073,101.07999999999997,0.7350613375544054
320,michigan-consumer-sentiment,,2,2026-03-27 17:00:00,17:00,4,53.3,55.5,56.6,-2.200000000000003,96.39999999999782,40.70000000000073,29.200000000000728,101.07999999999997,0.9537000395725944
320,michigan-consumer-sentiment,,2,2026-03-13 17:00:00,17:00,4,55.5,55.0,56.6,0.5,129.29999999999927,-58.79999999999927,-237.09999999999854,101.07999999999997,1.2791848041155451
320,michigan-consumer-sentiment,,2,2026-02-20 17:00:00,17:00,4,56.6,57.3,56.4,-0.6999999999999957,217.70000000000073,29.100000000002183,220.60000000000218,101.07999999999997,2.1537396121883736
320,michigan-consumer-sentiment,,2,2026-02-06 17:00:00,17:00,4,57.3,55.0,56.4,2.299999999999997,158.40000000000146,-82.5,42.900000000001455,101.07999999999997,1.5670755836960972
320,michigan-consumer-sentiment,,2,2026-01-23 17:00:00,17:00,4,56.4,54.0,52.9,2.3999999999999986,90.40000000000146,22.900000000001455,160.5,101.07999999999997,0.8943411159477788
320,michigan-consumer-sentiment,,2,2026-01-09 17:00:00,17:00,4,54.0,53.5,52.9,0.5,194.39999999999782,12.200000000000728,76.0,101.07999999999997,1.923229125445171
320,michigan-consumer-sentiment,,2,2025-12-19 17:00:00,17:00,4,52.9,53.5,51.0,-0.6000000000000014,92.29999999999927,-21.799999999999272,-75.5,101.07999999999997,0.9131381084289603
320,michigan-consumer-sentiment,,2,2025-12-05 17:00:00,17:00,4,53.3,,51.0,,100.0,67.60000000000218,-47.599999999998545,101.07999999999997,0.989315393747527
320,michigan-consumer-sentiment,,2,2025-11-21 17:00:00,17:00,4,51.0,50.3,53.6,0.7000000000000028,200.0,-73.59999999999854,-155.0,101.07999999999997,1.978630787495054
320,michigan-consumer-sentiment,,2,2025-11-07 17:00:00,17:00,4,50.3,53.0,53.6,-2.700000000000003,160.29999999999927,8.600000000002183,-182.39999999999782,101.07999999999997,1.5858725761772785
320,michigan-consumer-sentiment,,2,2025-10-24 17:00:00,17:00,4,53.6,55.0,55.1,-1.3999999999999986,40.0,27.80000000000291,-41.5,101.07999999999997,0.3957261574990108
320,michigan-consumer-sentiment,,2,2025-10-10 17:00:00,17:00,4,55.0,54.1,55.1,0.8999999999999986,66.5,-27.899999999997817,-162.39999999999782,101.07999999999997,0.6578947368421054
323,ny-empire-state-manufacturing-inde,,2,2026-04-15 15:30:00,15:30,2,11.0,0.3,-0.2,10.7,36.20000000000073,27.099999999998545,48.0,49.90365853658544,0.725397717553348
323,ny-empire-state-manufacturing-inde,,2,2026-03-16 15:30:00,15:30,0,-0.2,4.0,7.1,-4.2,26.200000000000728,12.30000000000291,-9.799999999999272,49.90365853658544,0.5250116077319852
323,ny-empire-state-manufacturing-inde,,2,2026-02-17 15:30:00,15:30,1,7.1,6.4,7.7,0.6999999999999993,125.0,-5.599999999998545,50.5,49.90365853658544,2.5048263727670355
323,ny-empire-state-manufacturing-inde,,2,2026-01-15 15:30:00,15:30,3,7.7,0.8,-3.7,6.9,61.099999999998545,23.700000000000728,55.79999999999927,49.90365853658544,1.2243591310084976
323,ny-empire-state-manufacturing-inde,,2,2025-12-15 15:30:00,15:30,0,-3.9,9.8,18.7,-13.700000000000001,35.19999999999709,7.0,57.0,49.90365853658544,0.7053591065711388
323,ny-empire-state-manufacturing-inde,,2,2025-11-17 15:30:00,15:30,0,18.7,6.1,10.7,12.6,84.70000000000073,-69.5,-100.29999999999927,49.90365853658544,1.6972703501869577
323,ny-empire-state-manufacturing-inde,,2,2025-10-15 15:30:00,15:30,2,10.7,-1.8,-8.7,12.5,37.099999999998545,11.80000000000291,8.30000000000291,49.90365853658544,0.7434324674372269
329,s-p-cs-hpi-composite-20-n.s.a.,,2,2026-04-28 16:00:00,16:00,1,0.9,1.1,1.2,-0.20000000000000007,50.60000000000218,-23.80000000000291,55.099999999998545,50.106521739130415,1.0098485834526882
329,s-p-cs-hpi-composite-20-n.s.a.,,2,2026-03-31 16:00:00,16:00,1,1.2,1.4,1.4,-0.19999999999999996,46.70000000000073,11.5,197.6999999999971,50.106521739130415,0.9320144040956373
329,s-p-cs-hpi-composite-20-n.s.a.,,2,2026-02-24 16:00:00,16:00,1,1.4,1.3,1.4,0.09999999999999987,52.10000000000218,-25.200000000000728,0.0,50.106521739130415,1.0397848062823123
329,s-p-cs-hpi-composite-20-n.s.a.,,2,2026-01-27 16:00:00,16:00,1,1.4,1.2,1.3,0.19999999999999996,23.100000000002183,4.099999999998545,62.099999999998545,50.106521739130415,0.461017831576251
329,s-p-cs-hpi-composite-20-n.s.a.,,2,2025-12-30 16:00:00,16:00,1,1.3,1.1,1.4,0.19999999999999996,17.400000000001455,5.900000000001455,42.5,50.106521739130415,0.3472601848236658
329,s-p-cs-hpi-composite-20-n.s.a.,,2,2025-11-25 16:00:00,16:00,1,1.4,1.4,1.6,0.0,44.5,-17.899999999997817,-65.0,50.106521739130415,0.8881079439455077
329,s-p-cs-hpi-composite-20-n.s.a.,,2,2025-10-28 16:00:00,16:00,1,1.6,1.4,1.8,0.20000000000000018,50.5,44.599999999998545,51.79999999999927,50.106521739130415,1.0078528352640033
331,employment-cost-index,,2,2026-04-30 15:30:00,15:30,3,0.9,0.8,0.7,0.09999999999999998,71.09999999999854,-53.89999999999782,-44.79999999999927,49.90365853658544,1.4247452408298604
331,employment-cost-index,,2,2026-02-10 15:30:00,15:30,1,0.7,0.8,0.8,-0.10000000000000009,66.09999999999854,19.299999999999272,45.0,49.90365853658544,1.3245521859191791
331,employment-cost-index,,2,2025-12-10 15:30:00,15:30,2,0.8,0.9,0.9,-0.09999999999999998,48.099999999998545,-24.100000000002183,-59.79999999999927,49.90365853658544,0.963857188240726
343,gdp-price-index,,2,2026-04-30 15:30:00,15:30,3,3.6,3.8,3.7,-0.19999999999999973,71.09999999999854,-53.89999999999782,-44.79999999999927,49.90365853658544,1.4247452408298604
343,gdp-price-index,,2,2026-04-09 15:30:00,15:30,3,3.7,3.8,3.7,-0.09999999999999964,45.599999999998545,3.0,44.599999999998545,49.90365853658544,0.9137606607853853
343,gdp-price-index,,2,2026-03-13 15:30:00,15:30,4,3.8,3.7,3.7,0.09999999999999964,99.29999999999927,6.600000000002183,-3.1999999999970896,49.90365853658544,1.9898340705261182
343,gdp-price-index,,2,2026-02-20 15:30:00,15:30,4,3.7,2.8,3.7,0.9000000000000004,136.70000000000073,-112.59999999999854,-142.90000000000146,49.90365853658544,2.739278121258044
343,gdp-price-index,,2,2026-01-22 15:30:00,15:30,3,3.7,3.7,2.1,0.0,54.400000000001455,-12.30000000000291,25.799999999999272,49.90365853658544,1.0901004374282428
343,gdp-price-index,,2,2025-12-23 15:30:00,15:30,1,3.7,2.7,2.1,1.0,68.69999999999709,-33.5,-28.599999999998545,49.90365853658544,1.3766525744727043
369,federal-budget-balance,,2,2026-04-10 21:00:00,21:00,4,-164.0,-157.8,-308.0,-6.199999999999989,40.5,-17.200000000000728,-11.299999999999272,59.729508196721284,0.6780568135034997
369,federal-budget-balance,,2,2026-03-11 21:00:00,21:00,2,-308.0,-304.4,-95.0,-3.6000000000000227,70.20000000000073,-38.79999999999927,6.200000000000728,59.729508196721284,1.1752984767394117
369,federal-budget-balance,,2,2026-02-11 21:00:00,21:00,2,-95.0,-94.6,-145.0,-0.4000000000000057,86.5,15.100000000002183,7.5,59.729508196721284,1.448195416495129
369,federal-budget-balance,,2,2026-01-13 21:00:00,21:00,1,-145.0,-144.5,-173.0,-0.5,47.20000000000073,-10.0,25.799999999999272,59.729508196721284,0.790229175243597
369,federal-budget-balance,,2,2025-12-10 21:00:00,21:00,2,-173.0,-186.5,-284.0,13.5,132.79999999999927,79.19999999999709,208.6999999999971,59.729508196721284,2.223356662549735
369,federal-budget-balance,,2,2025-11-25 21:00:00,21:00,1,-284.0,-223.4,198.0,-60.599999999999994,76.89999999999782,-15.69999999999709,-10.0,59.729508196721284,1.287470838479448
369,federal-budget-balance,,2,2025-10-16 21:00:00,21:00,3,198.0,42.3,-345.0,155.7,209.40000000000146,-156.60000000000218,-66.90000000000146,59.729508196721284,3.5058048579662673
375,gdp,,3,2026-04-30 15:30:00,15:30,3,2.0,2.2,0.5,-0.20000000000000018,71.09999999999854,-53.89999999999782,-44.79999999999927,49.90365853658544,1.4247452408298604
375,gdp,,3,2026-04-09 15:30:00,15:30,3,0.5,0.7,4.4,-0.19999999999999996,45.599999999998545,3.0,44.599999999998545,49.90365853658544,0.9137606607853853
375,gdp,,3,2026-03-13 15:30:00,15:30,4,0.7,1.4,4.4,-0.7,99.29999999999927,6.600000000002183,-3.1999999999970896,49.90365853658544,1.9898340705261182
375,gdp,,3,2026-02-20 15:30:00,15:30,4,1.4,2.8,4.4,-1.4,136.70000000000073,-112.59999999999854,-142.90000000000146,49.90365853658544,2.739278121258044
375,gdp,,3,2026-01-22 15:30:00,15:30,3,4.4,4.3,3.8,0.10000000000000053,54.400000000001455,-12.30000000000291,25.799999999999272,49.90365853658544,1.0901004374282428
375,gdp,,3,2025-12-23 15:30:00,15:30,1,4.3,3.3,3.8,1.0,68.69999999999709,-33.5,-28.599999999998545,49.90365853658544,1.3766525744727043
389,michigan-1-year-inflation-expectat,,2,2026-04-24 17:00:00,17:00,4,4.7,4.8,3.8,-0.09999999999999964,108.0,39.599999999998545,95.40000000000146,101.07999999999997,1.0684606252473292
389,michigan-1-year-inflation-expectat,,2,2026-04-10 17:00:00,17:00,4,4.8,4.2,3.8,0.5999999999999996,74.29999999999927,2.900000000001455,32.20000000000073,101.07999999999997,0.7350613375544054
389,michigan-1-year-inflation-expectat,,2,2026-03-27 17:00:00,17:00,4,3.8,3.4,3.4,0.3999999999999999,96.39999999999782,40.70000000000073,29.200000000000728,101.07999999999997,0.9537000395725944
389,michigan-1-year-inflation-expectat,,2,2026-03-13 17:00:00,17:00,4,3.4,3.6,3.4,-0.20000000000000018,129.29999999999927,-58.79999999999927,-237.09999999999854,101.07999999999997,1.2791848041155451
389,michigan-1-year-inflation-expectat,,2,2026-02-20 17:00:00,17:00,4,3.4,3.5,4.0,-0.10000000000000009,217.70000000000073,29.100000000002183,220.60000000000218,101.07999999999997,2.1537396121883736
389,michigan-1-year-inflation-expectat,,2,2026-02-06 17:00:00,17:00,4,3.5,4.0,4.0,-0.5,158.40000000000146,-82.5,42.900000000001455,101.07999999999997,1.5670755836960972
389,michigan-1-year-inflation-expectat,,2,2026-01-23 17:00:00,17:00,4,4.0,4.2,4.2,-0.20000000000000018,90.40000000000146,22.900000000001455,160.5,101.07999999999997,0.8943411159477788
389,michigan-1-year-inflation-expectat,,2,2026-01-09 17:00:00,17:00,4,4.2,4.1,4.2,0.10000000000000053,194.39999999999782,12.200000000000728,76.0,101.07999999999997,1.923229125445171
389,michigan-1-year-inflation-expectat,,2,2025-12-19 17:00:00,17:00,4,4.2,4.1,4.5,0.10000000000000053,92.29999999999927,-21.799999999999272,-75.5,101.07999999999997,0.9131381084289603
389,michigan-1-year-inflation-expectat,,2,2025-12-05 17:00:00,17:00,4,4.1,4.5,4.5,-0.40000000000000036,100.0,67.60000000000218,-47.599999999998545,101.07999999999997,0.989315393747527
389,michigan-1-year-inflation-expectat,,2,2025-11-21 17:00:00,17:00,4,4.5,4.7,4.6,-0.20000000000000018,200.0,-73.59999999999854,-155.0,101.07999999999997,1.978630787495054
389,michigan-1-year-inflation-expectat,,2,2025-11-07 17:00:00,17:00,4,4.7,4.6,4.6,0.10000000000000053,160.29999999999927,8.600000000002183,-182.39999999999782,101.07999999999997,1.5858725761772785
389,michigan-1-year-inflation-expectat,,2,2025-10-24 17:00:00,17:00,4,4.6,4.6,4.7,0.0,40.0,27.80000000000291,-41.5,101.07999999999997,0.3957261574990108
389,michigan-1-year-inflation-expectat,,2,2025-10-10 17:00:00,17:00,4,4.6,,4.7,,66.5,-27.899999999997817,-162.39999999999782,101.07999999999997,0.6578947368421054
398,fomc-statement,,3,2026-04-29 21:00:00,21:00,2,,,,,96.30000000000291,-57.79999999999927,46.20000000000073,59.729508196721284,1.6122684232194813
398,fomc-statement,,3,2026-03-18 21:00:00,21:00,2,,,,,89.09999999999854,-7.399999999997817,-137.0,59.729508196721284,1.491724989707675
398,fomc-statement,,3,2026-01-28 21:00:00,21:00,2,,,,,77.40000000000146,-26.700000000000728,-9.399999999997817,59.729508196721284,1.2958419102511571
398,fomc-statement,,3,2025-12-10 21:00:00,21:00,2,,,,,132.79999999999927,79.19999999999709,208.6999999999971,59.729508196721284,2.223356662549735
398,fomc-statement,,3,2025-10-29 21:00:00,21:00,2,,,,,78.5,-27.599999999998545,-66.79999999999927,59.729508196721284,1.3142582681487587
522,continuing-jobless-claims,,2,2026-04-30 15:30:00,15:30,3,1785.0,1820.0,1808.0,-35.0,71.09999999999854,-53.89999999999782,-44.79999999999927,49.90365853658544,1.4247452408298604
522,continuing-jobless-claims,,2,2026-04-23 15:30:00,15:30,3,1821.0,1820.0,1809.0,1.0,82.79999999999927,0.3999999999978172,-18.900000000001455,49.90365853658544,1.6591969893208696
522,continuing-jobless-claims,,2,2026-04-16 15:30:00,15:30,3,1818.0,1810.0,1787.0,8.0,37.599999999998545,-11.5,14.299999999999272,49.90365853658544,0.753451772928295
522,continuing-jobless-claims,,2,2026-04-09 15:30:00,15:30,3,1794.0,1840.0,1832.0,-46.0,45.599999999998545,3.0,44.599999999998545,49.90365853658544,0.9137606607853853
522,continuing-jobless-claims,,2,2026-04-02 15:30:00,15:30,3,1841.0,1840.0,1816.0,1.0,45.19999999999709,15.299999999999272,35.19999999999709,49.90365853658544,0.9057452163925016
522,continuing-jobless-claims,,2,2026-03-26 15:30:00,15:30,3,1819.0,1860.0,1851.0,-41.0,58.79999999999927,-40.5,22.700000000000728,49.90365853658544,1.1782703257495988
522,continuing-jobless-claims,,2,2026-03-19 15:30:00,15:30,3,1857.0,1850.0,1847.0,7.0,89.39999999999782,25.0,-47.79999999999927,49.90365853658544,1.7914518218029398
522,continuing-jobless-claims,,2,2026-03-12 15:30:00,15:30,3,1850.0,1850.0,1871.0,0.0,40.5,-18.5,-63.5,49.90365853658544,0.8115637447765194
522,continuing-jobless-claims,,2,2026-03-05 15:30:00,15:30,3,1868.0,1850.0,1822.0,18.0,75.59999999999854,-34.20000000000073,-68.70000000000073,49.90365853658544,1.5149189902494737
522,continuing-jobless-claims,,2,2026-02-26 15:30:00,15:30,3,1833.0,1860.0,1864.0,-27.0,29.099999999998545,-9.700000000000728,-53.5,49.90365853658544,0.5831235795801366
522,continuing-jobless-claims,,2,2026-02-19 15:30:00,15:30,3,1869.0,1860.0,1852.0,9.0,78.29999999999927,18.799999999999272,2.599999999998545,49.90365853658544,1.5690232399012563
522,continuing-jobless-claims,,2,2026-02-12 15:30:00,15:30,3,1862.0,1850.0,1841.0,12.0,85.39999999999782,68.0,2.600000000002183,49.90365853658544,1.7112973778743947
522,continuing-jobless-claims,,2,2026-02-05 15:30:00,15:30,3,1844.0,1850.0,1819.0,-6.0,106.5,23.0,-21.799999999999272,49.90365853658544,2.134112069597514
522,continuing-jobless-claims,,2,2026-01-29 15:30:00,15:30,3,1827.0,1860.0,1865.0,-33.0,44.29999999999927,24.099999999998545,-40.5,49.90365853658544,0.8877104665086227
522,continuing-jobless-claims,,2,2026-01-22 15:30:00,15:30,3,1849.0,,1875.0,,54.400000000001455,-12.30000000000291,25.799999999999272,49.90365853658544,1.0901004374282428
522,continuing-jobless-claims,,2,2026-01-15 15:30:00,15:30,3,1884.0,1890.0,1903.0,-6.0,61.099999999998545,23.700000000000728,55.79999999999927,49.90365853658544,1.2243591310084976
522,continuing-jobless-claims,,2,2026-01-08 15:30:00,15:30,3,1914.0,1900.0,1858.0,14.0,31.700000000000728,-5.700000000000728,-18.900000000001455,49.90365853658544,0.6352239681337347
522,continuing-jobless-claims,,2,2025-12-31 15:30:00,15:30,2,1866.0,,1913.0,,73.39999999999782,28.399999999997817,33.29999999999927,49.90365853658544,1.4708340460887595
522,continuing-jobless-claims,,2,2025-12-24 15:30:00,15:30,2,1923.0,,1885.0,,23.100000000002183,8.299999999999272,-17.0,49.90365853658544,0.46289191368739185
522,continuing-jobless-claims,,2,2025-12-18 15:30:00,15:30,3,1897.0,1930.0,1830.0,-33.0,155.5,140.89999999999782,171.59999999999854,49.90365853658544,3.116004007722192
522,continuing-jobless-claims,,2,2025-12-11 15:30:00,15:30,3,1838.0,1950.0,1937.0,-112.0,46.20000000000073,-28.799999999999272,-27.599999999998545,49.90365853658544,0.9257838273747108
522,continuing-jobless-claims,,2,2025-12-04 15:30:00,15:30,3,1939.0,1960.0,1943.0,-21.0,47.20000000000073,-13.299999999999272,56.900000000001455,49.90365853658544,0.9458224383568471
522,continuing-jobless-claims,,2,2025-11-26 15:30:00,15:30,2,1960.0,,1953.0,,37.5,-2.7999999999992724,25.200000000000728,49.90365853658544,0.7514479118301106
522,continuing-jobless-claims,,2,2025-11-20 15:30:00,15:30,3,1974.0,,1946.0,,131.79999999999927,62.900000000001455,73.5,49.90365853658544,2.6410889274455474
522,continuing-jobless-claims,,2,2025-11-18 10:10:00,10:10,1,1947.0,1930.0,1916.0,17.0,84.40000000000146,-14.700000000000728,35.0,44.814189189189115,1.8833320768941177
528,private-nonfarm-payrolls,,2,2026-03-06 15:30:00,15:30,4,-86.0,65.0,146.0,-151.0,227.90000000000146,-133.6999999999971,-182.1999999999971,49.90365853658544,4.566799442828888
528,private-nonfarm-payrolls,,2,2026-02-11 15:30:00,15:30,2,172.0,70.0,64.0,102.0,174.29999999999927,90.09999999999854,166.79999999999927,49.90365853658544,3.4927298941863394
528,private-nonfarm-payrolls,,2,2026-01-09 15:30:00,15:30,4,37.0,64.0,50.0,-27.0,66.60000000000218,52.5,-27.399999999997817,49.90365853658544,1.3345714914103202
528,private-nonfarm-payrolls,,2,2025-12-16 15:30:00,15:30,1,69.0,45.0,52.0,24.0,139.20000000000073,-13.5,-54.400000000001455,49.90365853658544,2.789374648713385
528,private-nonfarm-payrolls,,2,2025-11-20 15:30:00,15:30,3,97.0,62.0,18.0,35.0,131.79999999999927,62.900000000001455,73.5,49.90365853658544,2.6410889274455474
569,2-year-note-auction,,2,2026-04-27 18:30:00,18:30,0,3.812,,3.936,,46.70000000000073,27.100000000002183,32.0,80.64732824427472,0.5790644404058858
569,2-year-note-auction,,2,2026-03-24 20:00:00,20:00,1,3.936,,3.455,,129.0,-93.79999999999927,-38.900000000001455,64.52000000000038,1.9993800371977564
569,2-year-note-auction,,2,2026-02-24 20:00:00,20:00,1,3.455,,3.58,,53.5,-3.2000000000007276,-17.0,64.52000000000038,0.829200247985116
569,2-year-note-auction,,2,2026-01-26 20:00:00,20:00,0,3.58,,3.499,,39.10000000000218,-9.100000000002183,8.200000000000728,64.52000000000038,0.6060136391816794
569,2-year-note-auction,,2,2025-12-22 20:00:00,20:00,0,3.499,,3.489,,41.5,-30.099999999998545,-31.799999999999272,64.52000000000038,0.6432114073155573
569,2-year-note-auction,,2,2025-11-24 20:00:00,20:00,0,3.489,,3.504,,33.20000000000073,25.700000000000728,5.700000000000728,64.52000000000038,0.5145691258524571
569,2-year-note-auction,,2,2025-10-27 18:30:00,18:30,0,3.504,,3.561,,18.600000000002183,9.30000000000291,4.80000000000291,80.64732824427472,0.23063380281692875
570,5-year-note-auction,,2,2026-04-27 20:00:00,20:00,0,3.955,,3.98,,38.0,23.200000000000728,38.20000000000073,64.52000000000038,0.5889646621202693
570,5-year-note-auction,,2,2026-03-25 20:00:00,20:00,2,3.98,,3.615,,63.900000000001455,-6.200000000000728,4.299999999999272,64.52000000000038,0.9903905765654228
570,5-year-note-auction,,2,2026-02-25 20:00:00,20:00,2,3.615,,3.823,,19.0,-6.599999999998545,-1.0999999999985448,64.52000000000038,0.29448233106013466
570,5-year-note-auction,,2,2026-01-27 20:00:00,20:00,1,3.823,,3.747,,46.599999999998545,6.399999999997817,28.399999999997817,64.52000000000038,0.7222566646000972
570,5-year-note-auction,,2,2025-12-23 20:00:00,20:00,1,3.747,,3.562,,28.399999999997817,14.799999999999272,19.200000000000728,64.52000000000038,0.4401735895845885
570,5-year-note-auction,,2,2025-11-25 20:00:00,20:00,1,3.562,,3.625,,35.0,14.5,38.099999999998545,64.52000000000038,0.5424674519528796
570,5-year-note-auction,,2,2025-10-27 20:00:00,20:00,0,3.625,,3.71,,21.599999999998545,-4.700000000000728,13.100000000002183,64.52000000000038,0.3347799132051832
571,10-year-note-auction,,2,2026-04-08 20:00:00,20:00,2,4.282,,4.217,,68.29999999999927,-18.5,-48.0,64.52000000000038,1.058586484810894
571,10-year-note-auction,,2,2026-03-11 20:00:00,20:00,2,4.217,,4.177,,54.0,-12.5,-56.20000000000073,64.52000000000038,0.8369497830130143
571,10-year-note-auction,,2,2026-02-11 20:00:00,20:00,2,4.177,,4.173,,75.80000000000291,-53.400000000001455,36.89999999999782,64.52000000000038,1.1748295102294244
571,10-year-note-auction,,2,2026-01-12 20:00:00,20:00,0,4.173,,4.175,,31.700000000000728,17.0,10.5,64.52000000000038,0.49132052076876226
571,10-year-note-auction,,2,2025-12-09 20:00:00,20:00,1,4.175,,4.074,,26.5,0.0,4.200000000000728,64.52000000000038,0.41072535647860886
571,10-year-note-auction,,2,2025-11-12 20:00:00,20:00,2,4.074,,4.117,,43.5,2.400000000001455,4.0,64.52000000000038,0.6742095474271504
571,10-year-note-auction,,2,2025-10-08 20:00:00,20:00,2,4.117,,4.033,,21.299999999999272,-0.2999999999992724,22.400000000001455,64.52000000000038,0.33013019218845546
572,30-year-bond-auction,,2,2026-04-09 20:00:00,20:00,3,4.876,,4.871,,64.5,30.899999999997817,29.899999999997817,64.52000000000038,0.9996900185988782
572,30-year-bond-auction,,2,2026-03-12 20:00:00,20:00,3,4.871,,4.75,,91.0,-1.3999999999978172,-37.599999999998545,64.52000000000038,1.410415375077487
572,30-year-bond-auction,,2,2026-02-12 20:00:00,20:00,3,4.75,,4.825,,78.60000000000218,30.099999999998545,79.70000000000073,64.52000000000038,1.2182269063856435
572,30-year-bond-auction,,2,2026-01-13 20:00:00,20:00,1,4.825,,4.773,,58.0,27.0,-36.79999999999927,64.52000000000038,0.8989460632362005
572,30-year-bond-auction,,2,2025-12-11 20:00:00,20:00,3,4.773,,4.694,,61.30000000000291,41.69999999999709,45.29999999999927,64.52000000000038,0.9500929944203743
572,30-year-bond-auction,,2,2025-11-13 20:00:00,20:00,3,4.694,,4.734,,69.09999999999854,16.5,-65.5,64.52000000000038,1.07098574085552
572,30-year-bond-auction,,2,2025-10-09 20:00:00,20:00,3,4.734,,4.651,,56.20000000000073,-3.599999999998545,11.900000000001455,64.52000000000038,0.871047737135778
656,api-weekly-crude-stock,,2,2025-10-16 20:00:00,20:00,3,3.524,0.12,2.78,3.404,136.5,-40.0,-62.39999999999782,64.52000000000038,2.1156230626162307
681,3-year-note-auction,,2,2026-04-07 20:00:00,20:00,1,3.897,,3.579,,65.40000000000146,-0.19999999999708962,23.80000000000291,64.52000000000038,1.0136391816491177
681,3-year-note-auction,,2,2026-03-10 20:00:00,20:00,1,3.579,,3.518,,53.400000000001455,1.0,13.200000000000728,64.52000000000038,0.8276503409795589
681,3-year-note-auction,,2,2026-02-10 20:00:00,20:00,1,3.518,,3.609,,83.60000000000218,-38.39999999999782,-71.59999999999854,64.52000000000038,1.2957222566646263
681,3-year-note-auction,,2,2026-01-12 19:30:00,19:30,0,3.609,,3.614,,33.20000000000073,-3.5,28.200000000000728,69.80068965517253,0.47563999960479564
681,3-year-note-auction,,2,2025-12-08 20:00:00,20:00,0,3.614,,3.579,,38.79999999999927,-3.5,-88.0,64.52000000000038,0.6013639181648953
681,3-year-note-auction,,2,2025-11-10 20:00:00,20:00,0,3.579,,3.576,,23.0,12.400000000001455,11.900000000001455,64.52000000000038,0.3564786112833209
681,3-year-note-auction,,2,2025-10-07 20:00:00,20:00,1,3.576,,3.485,,49.10000000000218,23.400000000001455,-9.099999999998545,64.52000000000038,0.761004339739645
682,7-year-note-auction,,2,2026-04-28 20:00:00,20:00,1,4.175,,4.255,,48.0,-12.200000000000728,57.29999999999927,64.52000000000038,0.7439553626782349
682,7-year-note-auction,,2,2026-03-26 20:00:00,20:00,3,4.255,,3.79,,76.0,-30.099999999998545,-136.59999999999854,64.52000000000038,1.1779293242405386
682,7-year-note-auction,,2,2026-02-26 20:00:00,20:00,3,3.79,,4.018,,47.60000000000218,-26.899999999997817,66.20000000000073,64.52000000000038,0.7377557346559501
682,7-year-note-auction,,2,2026-01-29 20:00:00,20:00,3,4.018,,3.93,,101.59999999999854,92.79999999999927,76.60000000000218,64.52000000000038,1.574705517668908
682,7-year-note-auction,,2,2025-12-24 18:30:00,18:30,2,3.93,,3.781,,34.29999999999927,27.700000000000728,21.200000000000728,80.64732824427472,0.42530857186126664
682,7-year-note-auction,,2,2025-11-26 19:00:00,19:00,2,3.781,,3.79,,46.89999999999782,-28.200000000000728,-16.200000000000728,69.36535433070858,0.6761300429086804
682,7-year-note-auction,,2,2025-10-28 20:00:00,20:00,1,3.79,,3.953,,36.5,22.5,45.0,64.52000000000038,0.5657160570365745
733,cpi,,3,2026-04-10 15:30:00,15:30,4,3.3,3.4,2.4,-0.10000000000000009,73.59999999999854,-20.0,-17.799999999999272,49.90365853658544,1.474841768285201
733,cpi,,3,2026-03-11 15:30:00,15:30,2,2.4,2.4,2.4,0.0,135.10000000000218,-62.30000000000291,38.89999999999782,49.90365853658544,2.7072163436866554
733,cpi,,3,2026-02-13 15:30:00,15:30,4,2.4,2.5,2.7,-0.10000000000000009,122.20000000000073,74.79999999999927,42.70000000000073,49.90365853658544,2.4487182620170684
733,cpi,,3,2026-01-13 15:30:00,15:30,1,2.7,2.7,2.7,0.0,134.0,80.5,39.099999999998545,49.90365853658544,2.6851738716062616
733,cpi,,3,2025-12-18 15:30:00,15:30,3,2.7,3.1,3.0,-0.3999999999999999,155.5,140.89999999999782,171.59999999999854,49.90365853658544,3.116004007722192
733,cpi,,3,2025-10-24 15:30:00,15:30,4,3.0,3.1,2.9,-0.10000000000000009,159.0,97.40000000000146,91.79999999999927,49.90365853658544,3.1861391461596686
736,core-cpi,,2,2026-04-10 15:30:00,15:30,4,2.6,2.7,2.5,-0.10000000000000009,73.59999999999854,-20.0,-17.799999999999272,49.90365853658544,1.474841768285201
736,core-cpi,,2,2026-03-11 15:30:00,15:30,2,2.5,2.5,2.5,0.0,135.10000000000218,-62.30000000000291,38.89999999999782,49.90365853658544,2.7072163436866554
736,core-cpi,,2,2026-02-13 15:30:00,15:30,4,2.5,2.5,2.6,0.0,122.20000000000073,74.79999999999927,42.70000000000073,49.90365853658544,2.4487182620170684
736,core-cpi,,2,2026-01-13 15:30:00,15:30,1,2.6,2.7,2.6,-0.10000000000000009,134.0,80.5,39.099999999998545,49.90365853658544,2.6851738716062616
736,core-cpi,,2,2025-12-18 15:30:00,15:30,3,2.6,3.0,3.0,-0.3999999999999999,155.5,140.89999999999782,171.59999999999854,49.90365853658544,3.116004007722192
736,core-cpi,,2,2025-10-24 15:30:00,15:30,4,3.0,3.1,3.1,-0.10000000000000009,159.0,97.40000000000146,91.79999999999927,49.90365853658544,3.1861391461596686
829,manufacturing-pmi,,3,2026-05-01 16:45:00,16:45,4,54.5,54.0,54.0,0.5,146.5,84.0,28.799999999999272,128.45245901639325,1.14049977027924
829,manufacturing-pmi,,3,2026-04-23 16:45:00,16:45,3,54.0,52.5,52.3,1.5,130.70000000000073,-41.0,-23.599999999998545,128.45245901639325,1.017497064679164
829,manufacturing-pmi,,3,2026-04-01 16:45:00,16:45,2,52.3,52.4,51.6,-0.10000000000000142,115.5,20.599999999998545,108.40000000000146,128.45245901639325,0.8991653478993327
829,manufacturing-pmi,,3,2026-03-24 16:45:00,16:45,1,52.4,51.5,51.6,0.8999999999999986,143.8000000000029,41.0,76.09999999999854,128.45245901639325,1.1194803205881094
829,manufacturing-pmi,,3,2026-03-02 16:45:00,16:45,0,51.6,51.2,51.2,0.3999999999999986,118.80000000000291,22.599999999998545,102.0,128.45245901639325,0.9248557864107648
829,manufacturing-pmi,,3,2026-03-02 16:45:00,16:45,0,51.6,51.2,51.2,0.3999999999999986,118.80000000000291,22.599999999998545,102.0,128.45245901639325,0.9248557864107648
829,manufacturing-pmi,,3,2026-02-20 16:45:00,16:45,4,51.2,52.4,52.4,-1.1999999999999957,225.10000000000218,-26.5,136.40000000000146,128.45245901639325,1.7523993057328289
829,manufacturing-pmi,,3,2026-02-02 16:45:00,16:45,0,52.4,51.9,51.9,0.5,136.59999999999854,30.0,155.5,128.45245901639325,1.0634284547450001
829,manufacturing-pmi,,3,2026-01-23 16:45:00,16:45,4,51.9,51.9,51.8,0.0,138.39999999999782,52.89999999999782,168.09999999999854,128.45245901639325,1.0774414212057635
829,manufacturing-pmi,,3,2026-01-02 16:45:00,16:45,4,51.8,51.8,52.2,0.0,113.70000000000073,43.599999999998545,-107.90000000000146,128.45245901639325,0.8851523814385694
829,manufacturing-pmi,,3,2025-12-16 16:45:00,16:45,1,51.8,52.0,52.2,-0.20000000000000284,200.29999999999927,128.09999999999854,-8.200000000000728,128.45245901639325,1.5593317678288803
829,manufacturing-pmi,,3,2025-12-01 16:45:00,16:45,0,52.2,51.9,52.5,0.30000000000000426,141.79999999999927,115.5,87.59999999999854,128.45245901639325,1.1039103578538936
829,manufacturing-pmi,,3,2025-11-21 16:45:00,16:45,4,51.9,52.0,52.5,-0.10000000000000142,219.29999999999927,-5.900000000001455,-155.40000000000146,128.45245901639325,1.7072464138036623
829,manufacturing-pmi,,3,2025-11-03 16:45:00,16:45,0,52.5,52.2,52.2,0.29999999999999716,92.5,-30.0,-76.5,128.45245901639325,0.7201107764561755
829,manufacturing-pmi,,3,2025-10-24 16:45:00,16:45,4,52.2,51.9,52.0,0.30000000000000426,76.5,0.5,21.80000000000291,128.45245901639325,0.5955510745826749
891,existing-home-sales,,2,2026-04-13 17:00:00,17:00,0,-3.6,,2.7,,84.09999999999854,-25.5,44.60000000000218,101.07999999999997,0.8320142461416559
891,existing-home-sales,,2,2026-03-10 17:00:00,17:00,1,1.7,,-5.9,,102.20000000000073,-33.0,188.5,101.07999999999997,1.0110803324099797
891,existing-home-sales,,2,2026-02-12 17:00:00,17:00,3,-8.4,,4.4,,87.79999999999927,26.900000000001455,-196.09999999999854,101.07999999999997,0.8686189157103215
891,existing-home-sales,,2,2026-01-14 17:00:00,17:00,2,5.1,,0.7,,158.5,88.59999999999854,-93.90000000000146,101.07999999999997,1.5680648990898303
891,existing-home-sales,,2,2025-12-19 17:00:00,17:00,4,0.5,,1.5,,92.29999999999927,-21.799999999999272,-75.5,101.07999999999997,0.9131381084289603
891,existing-home-sales,,2,2025-11-20 17:00:00,17:00,3,1.2,,1.3,,142.1999999999971,-90.20000000000073,-112.39999999999782,101.07999999999997,1.4068064899089545
891,existing-home-sales,,2,2025-10-23 17:00:00,17:00,3,1.5,,-0.2,,90.90000000000146,-23.5,30.099999999998545,101.07999999999997,0.8992876929165164
892,export-price-index,,2,2026-04-15 15:30:00,15:30,2,1.6,1.5,1.9,0.10000000000000009,36.20000000000073,27.099999999998545,48.0,49.90365853658544,0.725397717553348
892,export-price-index,,2,2026-03-25 15:30:00,15:30,2,1.5,0.5,0.6,1.0,82.5,-4.5,-1.2999999999992724,49.90365853658544,1.6531854060262432
892,export-price-index,,2,2026-03-05 15:30:00,15:30,3,0.6,0.3,0.6,0.3,75.59999999999854,-34.20000000000073,-68.70000000000073,49.90365853658544,1.5149189902494737
892,export-price-index,,2,2026-02-10 15:30:00,15:30,1,0.3,0.1,0.5,0.19999999999999998,66.09999999999854,19.299999999999272,45.0,49.90365853658544,1.3245521859191791
892,export-price-index,,2,2026-01-15 15:30:00,15:30,3,0.5,0.2,0.0,0.3,61.099999999998545,23.700000000000728,55.79999999999927,49.90365853658544,1.2243591310084976
892,export-price-index,,2,2025-12-03 15:30:00,15:30,2,0.0,0.1,0.1,-0.1,17.5,-5.799999999999272,-166.40000000000146,49.90365853658544,0.3506756921873849
896,new-home-sales,,2,2026-03-19 17:00:00,17:00,3,-17.6,,-6.8,,116.20000000000073,-7.0,-13.900000000001455,101.07999999999997,1.1495844875346335
896,new-home-sales,,2,2026-02-20 17:00:00,17:00,4,-1.7,,15.5,,217.70000000000073,29.100000000002183,220.60000000000218,101.07999999999997,2.1537396121883736
896,new-home-sales,,2,2026-01-13 17:00:00,17:00,1,-0.1,,3.8,,140.09999999999854,-33.70000000000073,-53.20000000000073,101.07999999999997,1.386030866640271
898,housing-starts,,2,2026-04-29 15:30:00,15:30,2,10.8,,1.8,,55.599999999998545,9.400000000001455,-24.799999999999272,49.90365853658544,1.114146770606748
898,housing-starts,,2,2026-03-12 15:30:00,15:30,3,7.2,,4.8,,40.5,-18.5,-63.5,49.90365853658544,0.8115637447765194
898,housing-starts,,2,2026-02-18 15:30:00,15:30,2,6.2,,-4.2,,97.59999999999854,-46.099999999998545,-83.09999999999854,49.90365853658544,1.9557684318564719
898,housing-starts,,2,2026-01-09 15:30:00,15:30,4,-4.6,,-9.1,,66.60000000000218,52.5,-27.399999999997817,49.90365853658544,1.3345714914103202
900,michigan-consumer-expectations,,2,2026-04-24 17:00:00,17:00,4,48.1,46.1,51.7,2.0,108.0,39.599999999998545,95.40000000000146,101.07999999999997,1.0684606252473292
900,michigan-consumer-expectations,,2,2026-04-10 17:00:00,17:00,4,46.1,,51.7,,74.29999999999927,2.900000000001455,32.20000000000073,101.07999999999997,0.7350613375544054
900,michigan-consumer-expectations,,2,2026-03-27 17:00:00,17:00,4,51.7,54.1,56.6,-2.3999999999999986,96.39999999999782,40.70000000000073,29.200000000000728,101.07999999999997,0.9537000395725944
900,michigan-consumer-expectations,,2,2026-03-13 17:00:00,17:00,4,54.1,54.5,56.6,-0.3999999999999986,129.29999999999927,-58.79999999999927,-237.09999999999854,101.07999999999997,1.2791848041155451
900,michigan-consumer-expectations,,2,2026-02-20 17:00:00,17:00,4,56.6,56.6,57.0,0.0,217.70000000000073,29.100000000002183,220.60000000000218,101.07999999999997,2.1537396121883736
900,michigan-consumer-expectations,,2,2026-02-06 17:00:00,17:00,4,56.6,56.7,57.0,-0.10000000000000142,158.40000000000146,-82.5,42.900000000001455,101.07999999999997,1.5670755836960972
900,michigan-consumer-expectations,,2,2026-01-23 17:00:00,17:00,4,57.0,55.0,54.6,2.0,90.40000000000146,22.900000000001455,160.5,101.07999999999997,0.8943411159477788
900,michigan-consumer-expectations,,2,2026-01-09 17:00:00,17:00,4,55.0,,54.6,,194.39999999999782,12.200000000000728,76.0,101.07999999999997,1.923229125445171
900,michigan-consumer-expectations,,2,2025-12-19 17:00:00,17:00,4,54.6,55.0,51.0,-0.3999999999999986,92.29999999999927,-21.799999999999272,-75.5,101.07999999999997,0.9131381084289603
900,michigan-consumer-expectations,,2,2025-12-05 17:00:00,17:00,4,55.0,52.0,51.0,3.0,100.0,67.60000000000218,-47.599999999998545,101.07999999999997,0.989315393747527
900,michigan-consumer-expectations,,2,2025-11-21 17:00:00,17:00,4,51.0,49.0,50.3,2.0,200.0,-73.59999999999854,-155.0,101.07999999999997,1.978630787495054
900,michigan-consumer-expectations,,2,2025-11-07 17:00:00,17:00,4,49.0,50.3,50.3,-1.2999999999999972,160.29999999999927,8.600000000002183,-182.39999999999782,101.07999999999997,1.5858725761772785
900,michigan-consumer-expectations,,2,2025-10-24 17:00:00,17:00,4,50.3,51.2,51.7,-0.9000000000000057,40.0,27.80000000000291,-41.5,101.07999999999997,0.3957261574990108
900,michigan-consumer-expectations,,2,2025-10-10 17:00:00,17:00,4,51.2,51.7,51.7,-0.5,66.5,-27.899999999997817,-162.39999999999782,101.07999999999997,0.6578947368421054
904,pce-price-index,,2,2026-04-30 15:30:00,15:30,3,0.7,0.7,0.4,0.0,71.09999999999854,-53.89999999999782,-44.79999999999927,49.90365853658544,1.4247452408298604
904,pce-price-index,,2,2026-04-09 15:30:00,15:30,3,0.4,0.4,0.3,0.0,45.599999999998545,3.0,44.599999999998545,49.90365853658544,0.9137606607853853
904,pce-price-index,,2,2026-03-13 15:30:00,15:30,4,0.3,0.3,0.4,0.0,99.29999999999927,6.600000000002183,-3.1999999999970896,49.90365853658544,1.9898340705261182
904,pce-price-index,,2,2026-02-20 15:30:00,15:30,4,0.4,0.3,0.2,0.10000000000000003,136.70000000000073,-112.59999999999854,-142.90000000000146,49.90365853658544,2.739278121258044
904,pce-price-index,,2,2026-01-22 17:00:00,17:00,3,0.2,0.2,0.2,0.0,71.79999999999927,-26.700000000000728,26.099999999998545,101.07999999999997,0.7103284527107172
904,pce-price-index,,2,2025-12-05 17:00:00,17:00,4,0.3,0.3,0.3,0.0,100.0,67.60000000000218,-47.599999999998545,101.07999999999997,0.989315393747527
905,core-pce-price-index,,3,2026-04-30 15:30:00,15:30,3,3.2,3.2,3.0,0.0,71.09999999999854,-53.89999999999782,-44.79999999999927,49.90365853658544,1.4247452408298604
905,core-pce-price-index,,3,2026-04-09 15:30:00,15:30,3,3.0,3.0,3.1,0.0,45.599999999998545,3.0,44.599999999998545,49.90365853658544,0.9137606607853853
905,core-pce-price-index,,3,2026-03-13 15:30:00,15:30,4,3.1,3.1,3.0,0.0,99.29999999999927,6.600000000002183,-3.1999999999970896,49.90365853658544,1.9898340705261182
905,core-pce-price-index,,3,2026-02-20 15:30:00,15:30,4,3.0,2.9,2.8,0.10000000000000009,136.70000000000073,-112.59999999999854,-142.90000000000146,49.90365853658544,2.739278121258044
905,core-pce-price-index,,3,2026-01-22 17:00:00,17:00,3,2.8,2.8,2.7,0.0,71.79999999999927,-26.700000000000728,26.099999999998545,101.07999999999997,0.7103284527107172
905,core-pce-price-index,,3,2025-12-05 17:00:00,17:00,4,2.8,2.9,2.9,-0.10000000000000009,100.0,67.60000000000218,-47.599999999998545,101.07999999999997,0.989315393747527
906,pce-price-index,,2,2026-04-30 15:30:00,15:30,3,3.5,3.5,2.8,0.0,71.09999999999854,-53.89999999999782,-44.79999999999927,49.90365853658544,1.4247452408298604
906,pce-price-index,,2,2026-04-09 15:30:00,15:30,3,2.8,2.8,2.8,0.0,45.599999999998545,3.0,44.599999999998545,49.90365853658544,0.9137606607853853
906,pce-price-index,,2,2026-03-13 15:30:00,15:30,4,2.8,2.9,2.9,-0.10000000000000009,99.29999999999927,6.600000000002183,-3.1999999999970896,49.90365853658544,1.9898340705261182
906,pce-price-index,,2,2026-02-20 15:30:00,15:30,4,2.9,2.8,2.8,0.10000000000000009,136.70000000000073,-112.59999999999854,-142.90000000000146,49.90365853658544,2.739278121258044
906,pce-price-index,,2,2026-01-22 17:00:00,17:00,3,2.8,2.8,2.7,0.0,71.79999999999927,-26.700000000000728,26.099999999998545,101.07999999999997,0.7103284527107172
906,pce-price-index,,2,2025-12-05 17:00:00,17:00,4,2.8,2.8,2.7,0.0,100.0,67.60000000000218,-47.599999999998545,101.07999999999997,0.989315393747527
908,philly-fed-employment,,2,2026-04-16 15:30:00,15:30,3,-5.1,,0.8,,37.599999999998545,-11.5,14.299999999999272,49.90365853658544,0.753451772928295
908,philly-fed-employment,,2,2026-03-19 15:30:00,15:30,3,0.8,,-1.3,,89.39999999999782,25.0,-47.79999999999927,49.90365853658544,1.7914518218029398
908,philly-fed-employment,,2,2026-02-19 15:30:00,15:30,3,-1.3,,9.7,,78.29999999999927,18.799999999999272,2.599999999998545,49.90365853658544,1.5690232399012563
908,philly-fed-employment,,2,2026-01-15 15:30:00,15:30,3,9.7,,13.0,,61.099999999998545,23.700000000000728,55.79999999999927,49.90365853658544,1.2243591310084976
908,philly-fed-employment,,2,2025-12-18 15:30:00,15:30,3,12.9,,6.0,,155.5,140.89999999999782,171.59999999999854,49.90365853658544,3.116004007722192
908,philly-fed-employment,,2,2025-11-20 15:30:00,15:30,3,6.0,,4.6,,131.79999999999927,62.900000000001455,73.5,49.90365853658544,2.6410889274455474
908,philly-fed-employment,,2,2025-10-16 15:30:00,15:30,3,4.6,,5.6,,62.70000000000073,50.30000000000291,-0.19999999999708962,49.90365853658544,1.2564209085799594
913,s-p-cs-hpi-composite-20-n.s.a.,,2,2026-04-28 16:00:00,16:00,1,0.4,,-0.1,,50.60000000000218,-23.80000000000291,55.099999999998545,50.106521739130415,1.0098485834526882
913,s-p-cs-hpi-composite-20-n.s.a.,,2,2026-03-31 16:00:00,16:00,1,-0.1,,-0.1,,46.70000000000073,11.5,197.6999999999971,50.106521739130415,0.9320144040956373
913,s-p-cs-hpi-composite-20-n.s.a.,,2,2026-02-24 16:00:00,16:00,1,-0.1,,0.0,,52.10000000000218,-25.200000000000728,0.0,50.106521739130415,1.0397848062823123
913,s-p-cs-hpi-composite-20-n.s.a.,,2,2026-01-27 16:00:00,16:00,1,0.0,,-0.3,,23.100000000002183,4.099999999998545,62.099999999998545,50.106521739130415,0.461017831576251
913,s-p-cs-hpi-composite-20-n.s.a.,,2,2025-12-30 16:00:00,16:00,1,-0.3,,-0.5,,17.400000000001455,5.900000000001455,42.5,50.106521739130415,0.3472601848236658
913,s-p-cs-hpi-composite-20-n.s.a.,,2,2025-11-25 16:00:00,16:00,1,-0.5,,-0.6,,44.5,-17.899999999997817,-65.0,50.106521739130415,0.8881079439455077
913,s-p-cs-hpi-composite-20-n.s.a.,,2,2025-10-28 16:00:00,16:00,1,-0.6,,-0.3,,50.5,44.599999999998545,51.79999999999927,50.106521739130415,1.0078528352640033
1037,5-year-tip-auction,,2,2025-12-18 20:00:00,20:00,3,1.433,,1.182,,58.29999999999927,-7.299999999999272,-15.799999999999272,64.52000000000038,0.9035957842529282
1037,5-year-tip-auction,,2,2025-10-23 20:00:00,20:00,3,1.182,,1.65,,56.39999999999782,-4.200000000000728,38.79999999999927,64.52000000000038,0.8741475511468922
1038,10-year-tips-auction,,2,2026-03-19 20:00:00,20:00,3,1.896,,1.94,,85.09999999999854,-66.79999999999927,-1.5999999999985448,64.52000000000038,1.3189708617482647
1038,10-year-tips-auction,,2,2026-01-22 20:00:00,20:00,3,1.94,,1.843,,37.29999999999927,-16.100000000002183,-37.80000000000291,64.52000000000038,0.5781153130812005
1038,10-year-tips-auction,,2,2025-11-20 20:00:00,20:00,3,1.843,,1.734,,233.20000000000073,197.0,-116.20000000000073,64.52000000000038,3.614383137011769
1040,30-year-tips-auction,,2,2026-02-19 20:00:00,20:00,3,2.473,,2.65,,88.69999999999709,51.19999999999709,61.5,64.52000000000038,1.3747675139491098
1046,ism-manufacturing-employment,,2,2026-05-01 17:00:00,17:00,4,46.4,49.0,48.7,-2.6000000000000014,53.5,17.19999999999709,-57.0,101.07999999999997,0.5292837356549269
1046,ism-manufacturing-employment,,2,2026-04-01 17:00:00,17:00,2,48.7,49.0,48.8,-0.29999999999999716,100.40000000000146,47.80000000000291,143.20000000000073,101.07999999999997,0.9932726553225315
1046,ism-manufacturing-employment,,2,2026-03-02 17:00:00,17:00,0,48.8,48.3,48.1,0.5,142.40000000000146,71.20000000000073,63.900000000001455,101.07999999999997,1.4087851206964928
1046,ism-manufacturing-employment,,2,2026-02-02 17:00:00,17:00,0,48.1,46.0,44.8,2.1000000000000014,176.90000000000146,126.60000000000218,92.29999999999927,101.07999999999997,1.7500989315393898
1046,ism-manufacturing-employment,,2,2026-01-05 17:00:00,17:00,0,44.9,,44.0,,97.29999999999927,48.099999999998545,74.0,101.07999999999997,0.9626038781163366
1046,ism-manufacturing-employment,,2,2025-12-01 17:00:00,17:00,0,44.0,,46.0,,59.80000000000291,-7.099999999998545,51.599999999998545,101.07999999999997,0.5916106054610499
1046,ism-manufacturing-employment,,2,2025-11-03 17:00:00,17:00,0,46.0,,45.3,,71.5,-10.900000000001455,-48.60000000000218,101.07999999999997,0.7073605065294818
1048,ism-non-manufacturing-employment,,2,2026-04-06 17:00:00,17:00,0,45.2,51.0,51.8,-5.799999999999997,178.70000000000073,-58.29999999999927,-106.0,101.07999999999997,1.767906608626838
1048,ism-non-manufacturing-employment,,2,2026-03-04 17:00:00,17:00,2,51.8,,50.3,,200.20000000000073,57.0,206.70000000000073,101.07999999999997,1.9806094182825562
1048,ism-non-manufacturing-employment,,2,2026-02-04 17:00:00,17:00,2,50.3,52.3,51.7,-2.0,170.5,21.600000000002183,-45.099999999998545,101.07999999999997,1.6867827463395335
1048,ism-non-manufacturing-employment,,2,2026-01-07 17:00:00,17:00,2,52.0,49.0,48.9,3.0,57.0,2.899999999997817,49.39999999999782,101.07999999999997,0.5639097744360904
1048,ism-non-manufacturing-employment,,2,2025-12-03 17:00:00,17:00,2,48.9,,48.2,,83.69999999999709,18.100000000002183,65.30000000000291,101.07999999999997,0.8280569845666513
1048,ism-non-manufacturing-employment,,2,2025-11-05 17:00:00,17:00,2,48.2,47.6,47.2,0.6000000000000014,97.30000000000291,-37.099999999998545,34.70000000000073,101.07999999999997,0.9626038781163726
1048,ism-non-manufacturing-employment,,2,2025-10-03 17:00:00,17:00,4,47.2,46.6,46.5,0.6000000000000014,51.10000000000218,-30.900000000001455,9.299999999999272,101.07999999999997,0.5055401662050079
1049,ism-non-manufacturing-prices,,2,2026-04-06 17:00:00,17:00,0,70.7,67.0,63.0,3.700000000000003,178.70000000000073,-58.29999999999927,-106.0,101.07999999999997,1.767906608626838
1049,ism-non-manufacturing-prices,,2,2026-03-04 17:00:00,17:00,2,63.0,68.3,66.6,-5.299999999999997,200.20000000000073,57.0,206.70000000000073,101.07999999999997,1.9806094182825562
1049,ism-non-manufacturing-prices,,2,2026-02-04 17:00:00,17:00,2,66.6,65.0,65.1,1.5999999999999943,170.5,21.600000000002183,-45.099999999998545,101.07999999999997,1.6867827463395335
1049,ism-non-manufacturing-prices,,2,2026-01-07 17:00:00,17:00,2,64.3,64.9,65.4,-0.6000000000000085,57.0,2.899999999997817,49.39999999999782,101.07999999999997,0.5639097744360904
1049,ism-non-manufacturing-prices,,2,2025-12-03 17:00:00,17:00,2,65.4,68.0,70.0,-2.5999999999999943,83.69999999999709,18.100000000002183,65.30000000000291,101.07999999999997,0.8280569845666513
1049,ism-non-manufacturing-prices,,2,2025-11-05 17:00:00,17:00,2,70.0,68.0,69.4,2.0,97.30000000000291,-37.099999999998545,34.70000000000073,101.07999999999997,0.9626038781163726
1049,ism-non-manufacturing-prices,,2,2025-10-03 17:00:00,17:00,4,69.4,68.0,69.2,1.4000000000000057,51.10000000000218,-30.900000000001455,9.299999999999272,101.07999999999997,0.5055401662050079
1057,jolts-job-openings,,3,2026-03-31 17:00:00,17:00,1,6.882,6.89,7.24,-0.008000000000000007,82.70000000000073,-42.69999999999709,-157.6999999999971,101.07999999999997,0.818163830629212
1057,jolts-job-openings,,3,2026-03-13 17:00:00,17:00,4,6.946,6.76,6.55,0.18599999999999994,129.29999999999927,-58.79999999999927,-237.09999999999854,101.07999999999997,1.2791848041155451
1057,jolts-job-openings,,3,2026-02-05 17:00:00,17:00,3,6.542,7.2,6.928,-0.6580000000000004,244.1999999999971,-210.8000000000029,-138.0,101.07999999999997,2.415908191531432
1057,jolts-job-openings,,3,2026-01-07 17:00:00,17:00,2,7.146,7.61,7.449,-0.4640000000000004,57.0,2.899999999997817,49.39999999999782,101.07999999999997,0.5639097744360904
1057,jolts-job-openings,,3,2025-12-09 17:00:00,17:00,1,7.658,7.2,7.227,0.4580000000000002,51.39999999999782,5.80000000000291,54.10000000000218,101.07999999999997,0.5085081123862073
1061,fomc-economic-projections,,3,2026-03-18 21:00:00,21:00,2,,,,,89.09999999999854,-7.399999999997817,-137.0,59.729508196721284,1.491724989707675
1061,fomc-economic-projections,,3,2025-12-10 21:00:00,21:00,2,,,,,132.79999999999927,79.19999999999709,208.6999999999971,59.729508196721284,2.223356662549735
1062,services-pmi,,3,2026-04-23 16:45:00,16:45,3,51.3,50.5,49.8,0.7999999999999972,130.70000000000073,-41.0,-23.599999999998545,128.45245901639325,1.017497064679164
1062,services-pmi,,3,2026-03-24 16:45:00,16:45,1,51.1,52.0,51.7,-0.8999999999999986,143.8000000000029,41.0,76.09999999999854,128.45245901639325,1.1194803205881094
1062,services-pmi,,3,2026-03-04 16:45:00,16:45,2,51.7,52.3,52.7,-0.5999999999999943,172.0,69.5,209.89999999999782,128.45245901639325,1.3390167951401317
1062,services-pmi,,3,2026-03-04 16:45:00,16:45,2,51.7,52.3,52.7,-0.5999999999999943,172.0,69.5,209.89999999999782,128.45245901639325,1.3390167951401317
1062,services-pmi,,3,2026-02-20 16:45:00,16:45,4,52.3,53.0,52.7,-0.7000000000000028,225.10000000000218,-26.5,136.40000000000146,128.45245901639325,1.7523993057328289
1062,services-pmi,,3,2026-02-04 16:45:00,16:45,2,52.7,52.5,52.5,0.20000000000000284,261.40000000000146,-136.10000000000218,-122.79999999999927,128.45245901639325,2.034994129358328
1062,services-pmi,,3,2026-01-23 16:45:00,16:45,4,52.5,52.9,52.5,-0.3999999999999986,138.39999999999782,52.89999999999782,168.09999999999854,128.45245901639325,1.0774414212057635
1062,services-pmi,,3,2026-01-06 16:45:00,16:45,1,52.5,52.9,54.1,-0.3999999999999986,109.70000000000073,88.40000000000146,59.10000000000218,128.45245901639325,0.8540124559701943
1062,services-pmi,,3,2025-12-16 16:45:00,16:45,1,52.9,54.0,54.1,-1.1000000000000014,200.29999999999927,128.09999999999854,-8.200000000000728,128.45245901639325,1.5593317678288803
1062,services-pmi,,3,2025-12-03 16:45:00,16:45,2,54.1,55.0,54.8,-0.8999999999999986,142.6999999999971,22.69999999999709,121.0,128.45245901639325,1.110916841084261
1062,services-pmi,,3,2025-11-21 16:45:00,16:45,4,55.0,54.6,54.8,0.3999999999999986,219.29999999999927,-5.900000000001455,-155.40000000000146,128.45245901639325,1.7072464138036623
1062,services-pmi,,3,2025-11-05 16:45:00,16:45,2,54.8,55.2,54.2,-0.4000000000000057,192.40000000000146,158.29999999999927,175.20000000000073,128.45245901639325,1.4978304150288564
1062,services-pmi,,3,2025-10-24 16:45:00,16:45,4,55.2,53.5,54.2,1.7000000000000028,76.5,0.5,21.80000000000291,128.45245901639325,0.5955510745826749
1062,services-pmi,,3,2025-10-03 16:45:00,16:45,4,54.2,53.9,54.5,0.30000000000000426,115.10000000000218,-28.700000000000728,-25.100000000002183,128.45245901639325,0.8960513553525121
1492,s-p-global-composite-pmi,,2,2026-04-23 16:45:00,16:45,3,52.0,50.6,50.3,1.3999999999999986,130.70000000000073,-41.0,-23.599999999998545,128.45245901639325,1.017497064679164
1492,s-p-global-composite-pmi,,2,2026-03-24 16:45:00,16:45,1,51.4,,51.9,,143.8000000000029,41.0,76.09999999999854,128.45245901639325,1.1194803205881094
1492,s-p-global-composite-pmi,,2,2026-03-04 16:45:00,16:45,2,51.9,52.3,53.0,-0.3999999999999986,172.0,69.5,209.89999999999782,128.45245901639325,1.3390167951401317
1492,s-p-global-composite-pmi,,2,2026-03-04 16:45:00,16:45,2,51.9,52.3,53.0,-0.3999999999999986,172.0,69.5,209.89999999999782,128.45245901639325,1.3390167951401317
1492,s-p-global-composite-pmi,,2,2026-02-20 16:45:00,16:45,4,52.3,,53.0,,225.10000000000218,-26.5,136.40000000000146,128.45245901639325,1.7523993057328289
1492,s-p-global-composite-pmi,,2,2026-02-04 16:45:00,16:45,2,53.0,52.8,52.7,0.20000000000000284,261.40000000000146,-136.10000000000218,-122.79999999999927,128.45245901639325,2.034994129358328
1492,s-p-global-composite-pmi,,2,2026-01-23 16:45:00,16:45,4,52.8,,52.7,,138.39999999999782,52.89999999999782,168.09999999999854,128.45245901639325,1.0774414212057635
1492,s-p-global-composite-pmi,,2,2026-01-06 16:45:00,16:45,1,52.7,53.0,54.2,-0.29999999999999716,109.70000000000073,88.40000000000146,59.10000000000218,128.45245901639325,0.8540124559701943
1492,s-p-global-composite-pmi,,2,2025-12-16 16:45:00,16:45,1,53.0,53.9,54.2,-0.8999999999999986,200.29999999999927,128.09999999999854,-8.200000000000728,128.45245901639325,1.5593317678288803
1492,s-p-global-composite-pmi,,2,2025-12-03 16:45:00,16:45,2,54.2,54.8,54.6,-0.5999999999999943,142.6999999999971,22.69999999999709,121.0,128.45245901639325,1.110916841084261
1492,s-p-global-composite-pmi,,2,2025-11-21 16:45:00,16:45,4,54.8,54.5,54.6,0.29999999999999716,219.29999999999927,-5.900000000001455,-155.40000000000146,128.45245901639325,1.7072464138036623
1492,s-p-global-composite-pmi,,2,2025-11-05 16:45:00,16:45,2,54.6,54.8,53.9,-0.19999999999999574,192.40000000000146,158.29999999999927,175.20000000000073,128.45245901639325,1.4978304150288564
1492,s-p-global-composite-pmi,,2,2025-10-24 16:45:00,16:45,4,54.8,53.5,53.9,1.2999999999999972,76.5,0.5,21.80000000000291,128.45245901639325,0.5955510745826749
1492,s-p-global-composite-pmi,,2,2025-10-03 16:45:00,16:45,4,53.9,53.6,54.6,0.29999999999999716,115.10000000000218,-28.700000000000728,-25.100000000002183,128.45245901639325,0.8960513553525121
1506,retail-control,,2,2026-04-21 15:30:00,15:30,1,0.7,0.2,0.6,0.49999999999999994,58.10000000000218,-31.299999999999272,-51.0,49.90365853658544,1.1642432980621618
1506,retail-control,,2,2026-04-01 15:30:00,15:30,2,0.5,0.3,0.2,0.2,184.5,32.69999999999709,-53.80000000000291,49.90365853658544,3.697123726204144
1506,retail-control,,2,2026-03-06 15:30:00,15:30,4,0.3,0.2,0.0,0.09999999999999998,227.90000000000146,-133.6999999999971,-182.1999999999971,49.90365853658544,4.566799442828888
1506,retail-control,,2,2026-02-10 15:30:00,15:30,1,-0.1,0.4,0.2,-0.5,66.09999999999854,19.299999999999272,45.0,49.90365853658544,1.3245521859191791
1506,retail-control,,2,2026-01-14 15:30:00,15:30,2,0.4,0.4,0.6,0.0,70.70000000000073,-49.099999999998545,-56.70000000000073,49.90365853658544,1.4167297964370498
1506,retail-control,,2,2025-12-16 15:30:00,15:30,1,0.8,0.4,-0.1,0.4,139.20000000000073,-13.5,-54.400000000001455,49.90365853658544,2.789374648713385
1506,retail-control,,2,2025-11-25 15:30:00,15:30,1,-0.1,0.3,0.6,-0.4,81.89999999999782,-62.900000000001455,-81.90000000000146,49.90365853658544,1.6411622394369179
1534,"payrolls-benchmark,-n.s.a.",,2,2026-02-11 15:30:00,15:30,2,-862.0,-825.0,-911.0,-37.0,174.29999999999927,90.09999999999854,166.79999999999927,49.90365853658544,3.4927298941863394
1548,core-pce-prices,,2,2026-04-30 15:30:00,15:30,3,4.3,4.1,2.7,0.20000000000000018,71.09999999999854,-53.89999999999782,-44.79999999999927,49.90365853658544,1.4247452408298604
1548,core-pce-prices,,2,2026-04-09 15:30:00,15:30,3,2.7,2.7,2.9,0.0,45.599999999998545,3.0,44.599999999998545,49.90365853658544,0.9137606607853853
1548,core-pce-prices,,2,2026-03-13 15:30:00,15:30,4,2.7,2.7,2.9,0.0,99.29999999999927,6.600000000002183,-3.1999999999970896,49.90365853658544,1.9898340705261182
1548,core-pce-prices,,2,2026-02-20 15:30:00,15:30,4,2.7,2.6,2.9,0.10000000000000009,136.70000000000073,-112.59999999999854,-142.90000000000146,49.90365853658544,2.739278121258044
1548,core-pce-prices,,2,2026-01-22 15:30:00,15:30,3,2.9,2.9,2.6,0.0,54.400000000001455,-12.30000000000291,25.799999999999272,49.90365853658544,1.0901004374282428
1548,core-pce-prices,,2,2025-12-23 15:30:00,15:30,1,2.9,2.9,2.6,0.0,68.69999999999709,-33.5,-28.599999999998545,49.90365853658544,1.3766525744727043
1568,michigan-5-year-inflation-expectat,,2,2026-04-24 17:00:00,17:00,4,3.5,3.4,3.2,0.10000000000000009,108.0,39.599999999998545,95.40000000000146,101.07999999999997,1.0684606252473292
1568,michigan-5-year-inflation-expectat,,2,2026-04-10 17:00:00,17:00,4,3.4,3.4,3.2,0.0,74.29999999999927,2.900000000001455,32.20000000000073,101.07999999999997,0.7350613375544054
1568,michigan-5-year-inflation-expectat,,2,2026-03-27 17:00:00,17:00,4,3.2,3.2,3.3,0.0,96.39999999999782,40.70000000000073,29.200000000000728,101.07999999999997,0.9537000395725944
1568,michigan-5-year-inflation-expectat,,2,2026-03-13 17:00:00,17:00,4,3.2,3.4,3.3,-0.19999999999999973,129.29999999999927,-58.79999999999927,-237.09999999999854,101.07999999999997,1.2791848041155451
1568,michigan-5-year-inflation-expectat,,2,2026-02-20 17:00:00,17:00,4,3.3,3.4,3.3,-0.10000000000000009,217.70000000000073,29.100000000002183,220.60000000000218,101.07999999999997,2.1537396121883736
1568,michigan-5-year-inflation-expectat,,2,2026-02-06 17:00:00,17:00,4,3.4,3.3,3.3,0.10000000000000009,158.40000000000146,-82.5,42.900000000001455,101.07999999999997,1.5670755836960972
1568,michigan-5-year-inflation-expectat,,2,2026-01-23 17:00:00,17:00,4,3.3,3.4,3.2,-0.10000000000000009,90.40000000000146,22.900000000001455,160.5,101.07999999999997,0.8943411159477788
1568,michigan-5-year-inflation-expectat,,2,2026-01-09 17:00:00,17:00,4,3.4,3.3,3.2,0.10000000000000009,194.39999999999782,12.200000000000728,76.0,101.07999999999997,1.923229125445171
1568,michigan-5-year-inflation-expectat,,2,2025-12-19 17:00:00,17:00,4,3.2,3.2,3.4,0.0,92.29999999999927,-21.799999999999272,-75.5,101.07999999999997,0.9131381084289603
1568,michigan-5-year-inflation-expectat,,2,2025-12-05 17:00:00,17:00,4,3.2,3.4,3.4,-0.19999999999999973,100.0,67.60000000000218,-47.599999999998545,101.07999999999997,0.989315393747527
1568,michigan-5-year-inflation-expectat,,2,2025-11-21 17:00:00,17:00,4,3.4,3.6,3.9,-0.20000000000000018,200.0,-73.59999999999854,-155.0,101.07999999999997,1.978630787495054
1568,michigan-5-year-inflation-expectat,,2,2025-11-07 17:00:00,17:00,4,3.6,3.8,3.9,-0.19999999999999973,160.29999999999927,8.600000000002183,-182.39999999999782,101.07999999999997,1.5858725761772785
1568,michigan-5-year-inflation-expectat,,2,2025-10-24 17:00:00,17:00,4,3.9,3.7,3.7,0.19999999999999973,40.0,27.80000000000291,-41.5,101.07999999999997,0.3957261574990108
1568,michigan-5-year-inflation-expectat,,2,2025-10-10 17:00:00,17:00,4,3.7,,3.7,,66.5,-27.899999999997817,-162.39999999999782,101.07999999999997,0.6578947368421054
1581,participation-rate,,2,2026-03-06 15:30:00,15:30,4,62.0,,62.1,,227.90000000000146,-133.6999999999971,-182.1999999999971,49.90365853658544,4.566799442828888
1581,participation-rate,,2,2026-02-11 15:30:00,15:30,2,62.5,,62.4,,174.29999999999927,90.09999999999854,166.79999999999927,49.90365853658544,3.4927298941863394
1581,participation-rate,,2,2026-01-09 15:30:00,15:30,4,62.4,,62.5,,66.60000000000218,52.5,-27.399999999997817,49.90365853658544,1.3345714914103202
1581,participation-rate,,2,2025-12-16 15:30:00,15:30,1,62.5,,62.4,,139.20000000000073,-13.5,-54.400000000001455,49.90365853658544,2.789374648713385
1581,participation-rate,,2,2025-11-20 15:30:00,15:30,3,62.4,,62.3,,131.79999999999927,62.900000000001455,73.5,49.90365853658544,2.6410889274455474
1585,fomc-member-williams-speaks,,2,2026-04-16 15:35:00,15:35,3,,,,,37.599999999998545,-20.5,-34.900000000001455,54.40068027210873,0.6911678275331438
1585,fomc-member-williams-speaks,,2,2026-03-30 23:00:00,23:00,0,,,,,52.20000000000073,-42.099999999998545,-34.29999999999927,55.577443609022524,0.9392299575205093
1585,fomc-member-williams-speaks,,2,2026-03-03 16:55:00,16:55,1,,,,,132.40000000000146,-42.400000000001455,-163.8000000000029,110.21496598639447,1.2012887616038064
1585,fomc-member-williams-speaks,,2,2026-01-14 21:10:00,21:10,2,,,,,43.5,17.19999999999709,71.5,60.246153846153724,0.7220377936670086
1585,fomc-member-williams-speaks,,2,2025-12-19 15:30:00,15:30,4,,,,,46.79999999999927,6.200000000000728,57.0,49.90365853658544,0.9378069939639634
1585,fomc-member-williams-speaks,,2,2025-12-17 16:05:00,16:05,2,,,,,54.70000000000073,-19.700000000000728,-149.70000000000073,50.24324324324336,1.0887036040882314
1585,fomc-member-williams-speaks,,2,2025-12-15 17:30:00,17:30,0,,,,,139.59999999999854,107.90000000000146,186.3000000000029,103.10250000000005,1.3539923862175842
1585,fomc-member-williams-speaks,,2,2025-11-21 14:30:00,14:30,4,,,,,295.5,212.29999999999927,230.0,43.137414965986274,6.850201854538592
1585,fomc-member-williams-speaks,,2,2025-11-19 21:00:00,21:00,2,,,,,71.29999999999927,-18.19999999999709,-28.899999999997817,59.729508196721284,1.1937148346370132
1585,fomc-member-williams-speaks,,2,2025-11-17 16:00:00,16:00,0,,,,,63.400000000001455,-52.599999999998545,119.79999999999927,50.106521739130415,1.2653043515987974
1585,fomc-member-williams-speaks,,2,2025-11-12 16:20:00,16:20,2,,,,,152.09999999999854,-109.59999999999854,-203.40000000000146,127.2190476190477,1.1955756849827697
1585,fomc-member-williams-speaks,,2,2025-11-07 10:00:00,10:00,4,,,,,41.20000000000073,14.100000000002183,-23.099999999998545,49.17162162162168,0.8378816610328002
1585,fomc-member-williams-speaks,,2,2025-11-06 18:00:00,18:00,3,,,,,80.79999999999927,37.79999999999927,-79.59999999999854,89.75319148936146,0.9002465389721165
1585,fomc-member-williams-speaks,,2,2025-10-03 13:05:00,13:05,4,,,,,18.0,-7.0,-30.200000000000728,35.48108108108106,0.5073126142595982
1618,cftc-gold-speculative-positions,,2,2026-04-24 22:30:00,22:30,4,164.0,,162.5,,37.5,-6.099999999998545,-3.399999999997817,67.25739130434782,0.5575595376619348
1618,cftc-gold-speculative-positions,,2,2026-04-17 22:30:00,22:30,4,162.5,,156.3,,49.20000000000073,45.400000000001455,41.10000000000218,67.25739130434782,0.7315181134124692
1618,cftc-gold-speculative-positions,,2,2026-04-10 22:30:00,22:30,4,156.3,,163.2,,35.20000000000073,-17.799999999999272,9.700000000000728,67.25739130434782,0.5233625526853469
1618,cftc-gold-speculative-positions,,2,2026-03-27 22:30:00,22:30,4,168.3,,159.9,,79.59999999999854,-17.600000000002183,-73.29999999999927,67.25739130434782,1.1835130452770453
1618,cftc-gold-speculative-positions,,2,2026-03-20 22:30:00,22:30,4,159.9,,163.1,,101.09999999999854,-7.700000000000728,75.0,67.25739130434782,1.5031805135365544
1618,cftc-gold-speculative-positions,,2,2026-03-13 22:30:00,22:30,4,163.1,,160.1,,47.29999999999927,-9.099999999998545,-8.0,67.25739130434782,0.7032684301709096
1618,cftc-gold-speculative-positions,,2,2026-03-06 22:30:00,22:30,4,160.1,,159.2,,99.29999999999927,26.5,-19.700000000000728,67.25739130434782,1.4764176557287925
1618,cftc-gold-speculative-positions,,2,2026-02-27 22:30:00,22:30,4,159.2,,159.9,,62.900000000001455,-43.20000000000073,-18.400000000001455,67.25739130434782,0.9352131978383068
1618,cftc-gold-speculative-positions,,2,2026-02-20 22:30:00,22:30,4,159.9,,160.0,,46.5,38.79999999999927,47.29999999999927,67.25739130434782,0.691373826700799
1618,cftc-gold-speculative-positions,,2,2026-02-13 22:30:00,22:30,4,160.0,,165.6,,72.79999999999927,-14.5,15.899999999997817,67.25739130434782,1.082408915781025
1618,cftc-gold-speculative-positions,,2,2026-02-06 22:30:00,22:30,4,165.6,,205.4,,120.90000000000146,39.19999999999709,0.5,67.25739130434782,1.7975719494220992
1618,cftc-gold-speculative-positions,,2,2026-01-30 22:30:00,22:30,4,205.4,,244.8,,136.0,53.0,54.20000000000073,67.25739130434782,2.0220825899206165
1618,cftc-gold-speculative-positions,,2,2026-01-23 22:30:00,22:30,4,244.8,,251.2,,45.0,20.5,-23.599999999998545,67.25739130434782,0.6690714451943217
1618,cftc-gold-speculative-positions,,2,2026-01-16 22:30:00,22:30,4,251.2,,227.6,,39.900000000001455,-3.1999999999970896,-24.69999999999709,67.25739130434782,0.5932433480723202
1618,cftc-gold-speculative-positions,,2,2026-01-09 22:30:00,22:30,4,227.6,,231.2,,29.200000000000728,-6.5,-34.0,67.25739130434782,0.43415302665943734
1618,cftc-gold-speculative-positions,,2,2026-01-05 22:30:00,22:30,0,231.2,,240.7,,42.70000000000073,-0.2999999999992724,-15.900000000001455,67.25739130434782,0.6348744602177339
1618,cftc-gold-speculative-positions,,2,2025-12-23 22:30:00,22:30,1,234.0,,223.9,,17.0,-0.5999999999985448,17.400000000001455,67.25739130434782,0.25276032374007706
1618,cftc-gold-speculative-positions,,2,2025-12-19 22:30:00,22:30,4,223.9,,204.6,,42.29999999999927,-21.299999999999272,4.400000000001455,67.25739130434782,0.6289271584826516
1618,cftc-gold-speculative-positions,,2,2025-12-16 22:30:00,22:30,1,204.6,,210.3,,70.29999999999927,46.599999999998545,-49.400000000001455,67.25739130434782,1.0452382799368962
1618,cftc-gold-speculative-positions,,2,2025-12-12 22:30:00,22:30,4,210.3,,202.3,,76.29999999999927,-27.399999999997817,-5.799999999999272,67.25739130434782,1.1344478059628058
1618,cftc-gold-speculative-positions,,2,2025-12-09 22:30:00,22:30,1,202.3,,204.7,,33.29999999999927,9.399999999997817,-16.30000000000291,67.25739130434782,0.49511286944378724
1618,cftc-gold-speculative-positions,,2,2025-12-05 22:30:00,22:30,4,204.7,,176.6,,49.79999999999927,-3.2999999999992724,6.700000000000728,67.25739130434782,0.7404390660150385
1618,cftc-gold-speculative-positions,,2,2025-12-02 22:30:00,22:30,1,176.6,,203.9,,54.79999999999927,-11.80000000000291,-34.5,67.25739130434782,0.8147803377032965
1618,cftc-gold-speculative-positions,,2,2025-11-25 22:30:00,22:30,1,203.9,,232.0,,88.5,31.200000000000728,19.900000000001455,67.25739130434782,1.315840508882166
1618,cftc-gold-speculative-positions,,2,2025-11-21 22:30:00,22:30,4,232.0,,252.9,,130.60000000000218,0.0,-68.09999999999854,67.25739130434782,1.9417940164973304
1618,cftc-gold-speculative-positions,,2,2025-11-19 22:30:00,22:30,2,252.9,,266.7,,135.10000000000218,-3.100000000002183,78.89999999999782,67.25739130434782,2.0087011610167624
1619,cftc-s-p-500-speculative-positions,,2,2026-04-24 22:30:00,22:30,4,-110.1,,-115.8,,37.5,-6.099999999998545,-3.399999999997817,67.25739130434782,0.5575595376619348
1619,cftc-s-p-500-speculative-positions,,2,2026-04-17 22:30:00,22:30,4,-115.8,,-45.7,,49.20000000000073,45.400000000001455,41.10000000000218,67.25739130434782,0.7315181134124692
1619,cftc-s-p-500-speculative-positions,,2,2026-04-10 22:30:00,22:30,4,-45.7,,-42.5,,35.20000000000073,-17.799999999999272,9.700000000000728,67.25739130434782,0.5233625526853469
1619,cftc-s-p-500-speculative-positions,,2,2026-03-27 22:30:00,22:30,4,-80.9,,-113.1,,79.59999999999854,-17.600000000002183,-73.29999999999927,67.25739130434782,1.1835130452770453
1619,cftc-s-p-500-speculative-positions,,2,2026-03-20 22:30:00,22:30,4,-113.1,,-134.5,,101.09999999999854,-7.700000000000728,75.0,67.25739130434782,1.5031805135365544
1619,cftc-s-p-500-speculative-positions,,2,2026-03-13 22:30:00,22:30,4,-134.5,,-168.2,,47.29999999999927,-9.099999999998545,-8.0,67.25739130434782,0.7032684301709096
1619,cftc-s-p-500-speculative-positions,,2,2026-03-06 22:30:00,22:30,4,-168.2,,-193.5,,99.29999999999927,26.5,-19.700000000000728,67.25739130434782,1.4764176557287925
1619,cftc-s-p-500-speculative-positions,,2,2026-02-27 22:30:00,22:30,4,-193.5,,-177.8,,62.900000000001455,-43.20000000000073,-18.400000000001455,67.25739130434782,0.9352131978383068
1619,cftc-s-p-500-speculative-positions,,2,2026-02-20 22:30:00,22:30,4,-177.8,,-105.1,,46.5,38.79999999999927,47.29999999999927,67.25739130434782,0.691373826700799
1619,cftc-s-p-500-speculative-positions,,2,2026-02-13 22:30:00,22:30,4,-105.1,,-132.9,,72.79999999999927,-14.5,15.899999999997817,67.25739130434782,1.082408915781025
1619,cftc-s-p-500-speculative-positions,,2,2026-02-06 22:30:00,22:30,4,-132.9,,-99.8,,120.90000000000146,39.19999999999709,0.5,67.25739130434782,1.7975719494220992
1619,cftc-s-p-500-speculative-positions,,2,2026-01-30 22:30:00,22:30,4,-99.8,,-81.8,,136.0,53.0,54.20000000000073,67.25739130434782,2.0220825899206165
1619,cftc-s-p-500-speculative-positions,,2,2026-01-23 22:30:00,22:30,4,-81.8,,-122.1,,45.0,20.5,-23.599999999998545,67.25739130434782,0.6690714451943217
1619,cftc-s-p-500-speculative-positions,,2,2026-01-16 22:30:00,22:30,4,-122.1,,-106.1,,39.900000000001455,-3.1999999999970896,-24.69999999999709,67.25739130434782,0.5932433480723202
1619,cftc-s-p-500-speculative-positions,,2,2026-01-09 22:30:00,22:30,4,-106.1,,-94.4,,29.200000000000728,-6.5,-34.0,67.25739130434782,0.43415302665943734
1619,cftc-s-p-500-speculative-positions,,2,2026-01-05 22:30:00,22:30,0,-94.4,,-81.8,,42.70000000000073,-0.2999999999992724,-15.900000000001455,67.25739130434782,0.6348744602177339
1619,cftc-s-p-500-speculative-positions,,2,2025-12-23 22:30:00,22:30,1,-166.0,,-190.4,,17.0,-0.5999999999985448,17.400000000001455,67.25739130434782,0.25276032374007706
1619,cftc-s-p-500-speculative-positions,,2,2025-12-19 22:30:00,22:30,4,-190.4,,-155.3,,42.29999999999927,-21.299999999999272,4.400000000001455,67.25739130434782,0.6289271584826516
1619,cftc-s-p-500-speculative-positions,,2,2025-12-16 22:30:00,22:30,1,-155.3,,-147.4,,70.29999999999927,46.599999999998545,-49.400000000001455,67.25739130434782,1.0452382799368962
1619,cftc-s-p-500-speculative-positions,,2,2025-12-12 22:30:00,22:30,4,-147.4,,-163.9,,76.29999999999927,-27.399999999997817,-5.799999999999272,67.25739130434782,1.1344478059628058
1619,cftc-s-p-500-speculative-positions,,2,2025-12-09 22:30:00,22:30,1,-163.9,,-150.1,,33.29999999999927,9.399999999997817,-16.30000000000291,67.25739130434782,0.49511286944378724
1619,cftc-s-p-500-speculative-positions,,2,2025-12-05 22:30:00,22:30,4,-150.1,,-145.3,,49.79999999999927,-3.2999999999992724,6.700000000000728,67.25739130434782,0.7404390660150385
1619,cftc-s-p-500-speculative-positions,,2,2025-12-02 22:30:00,22:30,1,-145.3,,-165.7,,54.79999999999927,-11.80000000000291,-34.5,67.25739130434782,0.8147803377032965
1619,cftc-s-p-500-speculative-positions,,2,2025-11-25 22:30:00,22:30,1,-165.7,,-144.1,,88.5,31.200000000000728,19.900000000001455,67.25739130434782,1.315840508882166
1619,cftc-s-p-500-speculative-positions,,2,2025-11-21 22:30:00,22:30,4,-144.1,,-136.7,,130.60000000000218,0.0,-68.09999999999854,67.25739130434782,1.9417940164973304
1619,cftc-s-p-500-speculative-positions,,2,2025-11-19 22:30:00,22:30,2,-136.7,,-172.5,,135.10000000000218,-3.100000000002183,78.89999999999782,67.25739130434782,2.0087011610167624
1650,goods-trade-balance,,2,2026-04-29 15:30:00,15:30,2,-87.87,-87.5,-83.5,-0.37000000000000455,55.599999999998545,9.400000000001455,-24.799999999999272,49.90365853658544,1.114146770606748
1650,goods-trade-balance,,2,2026-04-02 15:30:00,15:30,3,-84.6,,-81.8,,45.19999999999709,15.299999999999272,35.19999999999709,49.90365853658544,0.9057452163925016
1650,goods-trade-balance,,2,2026-03-12 15:30:00,15:30,3,-80.8,,-98.5,,40.5,-18.5,-63.5,49.90365853658544,0.8115637447765194
1650,goods-trade-balance,,2,2026-02-19 15:30:00,15:30,3,-98.5,-86.0,-82.78,-12.5,78.29999999999927,18.799999999999272,2.599999999998545,49.90365853658544,1.5690232399012563
1652,baker-hughes-u.s.-rig-count,,2,2026-05-01 20:00:00,20:00,4,408.0,,407.0,,58.599999999998545,24.899999999997817,52.39999999999782,64.52000000000038,0.908245505269656
1652,baker-hughes-u.s.-rig-count,,2,2026-04-24 20:00:00,20:00,4,407.0,,410.0,,55.70000000000073,-1.0999999999985448,22.600000000002183,64.52000000000038,0.8632982021078798
1652,baker-hughes-u.s.-rig-count,,2,2026-04-17 20:00:00,20:00,4,410.0,,411.0,,140.5,-19.099999999998545,-51.20000000000073,64.52000000000038,2.177619342839417
1652,baker-hughes-u.s.-rig-count,,2,2026-04-10 20:00:00,20:00,4,411.0,,411.0,,37.5,-16.700000000000728,7.5,64.52000000000038,0.581215127092371
1652,baker-hughes-u.s.-rig-count,,2,2026-04-02 20:00:00,20:00,3,411.0,,409.0,,80.0,35.29999999999927,-30.700000000000728,64.52000000000038,1.2399256044637248
1652,baker-hughes-u.s.-rig-count,,2,2026-03-27 20:00:00,20:00,4,409.0,,414.0,,113.59999999999854,-7.799999999999272,-113.0,64.52000000000038,1.7606943583384669
1652,baker-hughes-u.s.-rig-count,,2,2026-03-20 20:00:00,20:00,4,414.0,,412.0,,65.59999999999854,-18.5,-60.400000000001455,64.52000000000038,1.0167389956602317
1652,baker-hughes-u.s.-rig-count,,2,2026-03-13 20:00:00,20:00,4,412.0,,411.0,,82.40000000000146,61.900000000001455,-22.299999999999272,64.52000000000038,1.2771233725976592
1652,baker-hughes-u.s.-rig-count,,2,2026-03-06 20:00:00,20:00,4,411.0,,407.0,,118.59999999999854,104.0,15.600000000002183,64.52000000000038,1.8381897086174497
1652,baker-hughes-u.s.-rig-count,,2,2026-02-27 20:00:00,20:00,4,407.0,,409.0,,73.89999999999782,-32.400000000001455,-42.900000000001455,64.52000000000038,1.145381277123332
1652,baker-hughes-u.s.-rig-count,,2,2026-02-20 20:00:00,20:00,4,409.0,,409.0,,112.10000000000218,-32.099999999998545,63.20000000000073,64.52000000000038,1.7374457532548284
1652,baker-hughes-u.s.-rig-count,,2,2026-02-13 20:00:00,20:00,4,409.0,,412.0,,89.59999999999854,5.099999999998545,1.2999999999992724,64.52000000000038,1.3887166769993493
1652,baker-hughes-u.s.-rig-count,,2,2026-02-06 20:00:00,20:00,4,412.0,,411.0,,43.400000000001455,4.399999999997817,-8.30000000000291,64.52000000000038,0.6726596404215933
1652,baker-hughes-u.s.-rig-count,,2,2026-01-30 20:00:00,20:00,4,411.0,412.0,411.0,-1.0,144.39999999999782,-7.5,61.79999999999927,64.52000000000038,2.2380657160569895
1652,baker-hughes-u.s.-rig-count,,2,2026-01-23 20:00:00,20:00,4,411.0,411.0,410.0,0.0,74.5,36.0,31.700000000000728,64.52000000000038,1.1546807191568438
1652,baker-hughes-u.s.-rig-count,,2,2026-01-16 20:00:00,20:00,4,410.0,407.0,409.0,3.0,71.29999999999927,33.5,56.5,64.52000000000038,1.1050836949782836
1652,baker-hughes-u.s.-rig-count,,2,2026-01-09 20:00:00,20:00,4,409.0,,412.0,,37.0,-31.700000000000728,38.400000000001455,64.52000000000038,0.5734655920644728
1652,baker-hughes-u.s.-rig-count,,2,2025-12-30 20:00:00,20:00,1,412.0,,409.0,,28.600000000002183,1.7999999999992724,4.0,64.52000000000038,0.44327340359581546
1652,baker-hughes-u.s.-rig-count,,2,2025-12-23 20:00:00,20:00,1,409.0,,406.0,,28.399999999997817,14.799999999999272,19.200000000000728,64.52000000000038,0.4401735895845885
1652,baker-hughes-u.s.-rig-count,,2,2025-12-19 20:00:00,20:00,4,406.0,,414.0,,23.799999999999272,5.799999999999272,-26.0,64.52000000000038,0.36887786732794686
1652,baker-hughes-u.s.-rig-count,,2,2025-12-12 20:00:00,20:00,4,414.0,,413.0,,105.29999999999927,55.60000000000218,0.6000000000021828,64.52000000000038,1.6320520768753666
1652,baker-hughes-u.s.-rig-count,,2,2025-12-05 20:00:00,20:00,4,413.0,409.0,407.0,4.0,39.0,-5.0,-2.7999999999992724,64.52000000000038,0.6044637321760659
1652,baker-hughes-u.s.-rig-count,,2,2025-11-26 20:00:00,20:00,2,407.0,,419.0,,73.40000000000146,-8.5,-21.799999999999272,64.52000000000038,1.1376317420954902
1652,baker-hughes-u.s.-rig-count,,2,2025-11-21 20:00:00,20:00,4,419.0,418.0,417.0,1.0,156.79999999999927,-115.20000000000073,127.0,64.52000000000038,2.4302541847488897
1652,baker-hughes-u.s.-rig-count,,2,2025-11-14 20:00:00,20:00,4,417.0,415.0,414.0,2.0,101.70000000000073,16.69999999999709,-30.5,64.52000000000038,1.5762554246745215
1652,baker-hughes-u.s.-rig-count,,2,2025-11-07 20:00:00,20:00,4,414.0,413.0,414.0,1.0,79.10000000000218,31.600000000002183,80.79999999999927,64.52000000000038,1.225976441413542
1652,baker-hughes-u.s.-rig-count,,2,2025-10-31 20:00:00,20:00,4,414.0,,420.0,,65.20000000000073,-33.0,-1.7999999999992724,64.52000000000038,1.010539367637947
1652,baker-hughes-u.s.-rig-count,,2,2025-10-24 20:00:00,20:00,4,420.0,416.0,418.0,4.0,18.799999999999272,-7.799999999999272,-2.0,64.52000000000038,0.29138251704896406
1652,baker-hughes-u.s.-rig-count,,2,2025-10-17 20:00:00,20:00,4,418.0,417.0,418.0,1.0,78.80000000000291,-19.900000000001455,32.900000000001455,64.52000000000038,1.2213267203968141
1652,baker-hughes-u.s.-rig-count,,2,2025-10-10 20:00:00,20:00,4,418.0,421.0,422.0,-3.0,84.60000000000218,-35.5,20.599999999998545,64.52000000000038,1.311221326720423
1652,baker-hughes-u.s.-rig-count,,2,2025-10-03 20:00:00,20:00,4,422.0,,424.0,,93.09999999999854,-36.70000000000073,-144.0,64.52000000000038,1.4429634221946372
1653,cftc-crude-oil-speculative-positio,,2,2026-04-24 22:30:00,22:30,4,192.3,,206.5,,37.5,-6.099999999998545,-3.399999999997817,67.25739130434782,0.5575595376619348
1653,cftc-crude-oil-speculative-positio,,2,2026-04-17 22:30:00,22:30,4,206.5,,202.2,,49.20000000000073,45.400000000001455,41.10000000000218,67.25739130434782,0.7315181134124692
1653,cftc-crude-oil-speculative-positio,,2,2026-04-10 22:30:00,22:30,4,202.2,,213.5,,35.20000000000073,-17.799999999999272,9.700000000000728,67.25739130434782,0.5233625526853469
1653,cftc-crude-oil-speculative-positio,,2,2026-03-27 22:30:00,22:30,4,233.6,,218.7,,79.59999999999854,-17.600000000002183,-73.29999999999927,67.25739130434782,1.1835130452770453
1653,cftc-crude-oil-speculative-positio,,2,2026-03-20 22:30:00,22:30,4,218.7,,228.0,,101.09999999999854,-7.700000000000728,75.0,67.25739130434782,1.5031805135365544
1653,cftc-crude-oil-speculative-positio,,2,2026-03-13 22:30:00,22:30,4,228.0,,172.2,,47.29999999999927,-9.099999999998545,-8.0,67.25739130434782,0.7032684301709096
1653,cftc-crude-oil-speculative-positio,,2,2026-03-06 22:30:00,22:30,4,172.2,,172.7,,99.29999999999927,26.5,-19.700000000000728,67.25739130434782,1.4764176557287925
1653,cftc-crude-oil-speculative-positio,,2,2026-02-27 22:30:00,22:30,4,172.7,,141.3,,62.900000000001455,-43.20000000000073,-18.400000000001455,67.25739130434782,0.9352131978383068
1653,cftc-crude-oil-speculative-positio,,2,2026-02-20 22:30:00,22:30,4,141.3,,117.8,,46.5,38.79999999999927,47.29999999999927,67.25739130434782,0.691373826700799
1653,cftc-crude-oil-speculative-positio,,2,2026-02-13 22:30:00,22:30,4,117.8,,124.6,,72.79999999999927,-14.5,15.899999999997817,67.25739130434782,1.082408915781025
1653,cftc-crude-oil-speculative-positio,,2,2026-02-06 22:30:00,22:30,4,124.6,,97.0,,120.90000000000146,39.19999999999709,0.5,67.25739130434782,1.7975719494220992
1653,cftc-crude-oil-speculative-positio,,2,2026-01-30 22:30:00,22:30,4,97.0,,78.8,,136.0,53.0,54.20000000000073,67.25739130434782,2.0220825899206165
1653,cftc-crude-oil-speculative-positio,,2,2026-01-23 22:30:00,22:30,4,78.8,,58.1,,45.0,20.5,-23.599999999998545,67.25739130434782,0.6690714451943217
1653,cftc-crude-oil-speculative-positio,,2,2026-01-16 22:30:00,22:30,4,58.1,,57.4,,39.900000000001455,-3.1999999999970896,-24.69999999999709,67.25739130434782,0.5932433480723202
1653,cftc-crude-oil-speculative-positio,,2,2026-01-09 22:30:00,22:30,4,57.4,,64.6,,29.200000000000728,-6.5,-34.0,67.25739130434782,0.43415302665943734
1653,cftc-crude-oil-speculative-positio,,2,2026-01-05 22:30:00,22:30,0,64.6,,64.9,,42.70000000000073,-0.2999999999992724,-15.900000000001455,67.25739130434782,0.6348744602177339
1653,cftc-crude-oil-speculative-positio,,2,2025-12-23 22:30:00,22:30,1,54.9,,58.4,,17.0,-0.5999999999985448,17.400000000001455,67.25739130434782,0.25276032374007706
1653,cftc-crude-oil-speculative-positio,,2,2025-12-19 22:30:00,22:30,4,58.4,,55.0,,42.29999999999927,-21.299999999999272,4.400000000001455,67.25739130434782,0.6289271584826516
1653,cftc-crude-oil-speculative-positio,,2,2025-12-16 22:30:00,22:30,1,55.0,,69.2,,70.29999999999927,46.599999999998545,-49.400000000001455,67.25739130434782,1.0452382799368962
1653,cftc-crude-oil-speculative-positio,,2,2025-12-12 22:30:00,22:30,4,69.2,,74.9,,76.29999999999927,-27.399999999997817,-5.799999999999272,67.25739130434782,1.1344478059628058
1653,cftc-crude-oil-speculative-positio,,2,2025-12-09 22:30:00,22:30,1,74.9,,65.6,,33.29999999999927,9.399999999997817,-16.30000000000291,67.25739130434782,0.49511286944378724
1653,cftc-crude-oil-speculative-positio,,2,2025-12-05 22:30:00,22:30,4,65.6,,39.8,,49.79999999999927,-3.2999999999992724,6.700000000000728,67.25739130434782,0.7404390660150385
1653,cftc-crude-oil-speculative-positio,,2,2025-12-02 22:30:00,22:30,1,39.8,,61.0,,54.79999999999927,-11.80000000000291,-34.5,67.25739130434782,0.8147803377032965
1653,cftc-crude-oil-speculative-positio,,2,2025-11-25 22:30:00,22:30,1,61.0,,74.3,,88.5,31.200000000000728,19.900000000001455,67.25739130434782,1.315840508882166
1653,cftc-crude-oil-speculative-positio,,2,2025-11-21 22:30:00,22:30,4,74.3,,103.3,,130.60000000000218,0.0,-68.09999999999854,67.25739130434782,1.9417940164973304
1653,cftc-crude-oil-speculative-positio,,2,2025-11-19 22:30:00,22:30,2,103.3,,103.0,,135.10000000000218,-3.100000000002183,78.89999999999782,67.25739130434782,2.0087011610167624
1657,eia-weekly-cushing-oil-inventories,,2,2026-04-29 17:30:00,17:30,2,-0.796,,0.806,,66.5,37.19999999999709,7.19999999999709,103.10250000000005,0.6449892097669792
1657,eia-weekly-cushing-oil-inventories,,2,2026-04-22 17:30:00,17:30,2,0.806,,-1.727,,60.70000000000073,-21.200000000000728,0.2999999999992724,103.10250000000005,0.5887345117722722
1657,eia-weekly-cushing-oil-inventories,,2,2026-04-15 17:30:00,17:30,2,-1.727,,0.024,,60.5,12.0,59.10000000000218,103.10250000000005,0.5867946946000336
1657,eia-weekly-cushing-oil-inventories,,2,2026-04-08 17:30:00,17:30,2,0.024,,0.52,,78.0,-21.900000000001455,-42.10000000000218,103.10250000000005,0.7565286971702914
1657,eia-weekly-cushing-oil-inventories,,2,2026-04-01 17:30:00,17:30,2,0.52,,3.421,,127.39999999999782,18.30000000000291,62.0,103.10250000000005,1.2356635387114547
1657,eia-weekly-cushing-oil-inventories,,2,2026-03-25 17:30:00,17:30,2,3.421,,0.944,,61.5,12.0,-52.5,103.10250000000005,0.5964937804611913
1657,eia-weekly-cushing-oil-inventories,,2,2026-03-18 17:30:00,17:30,2,0.944,,0.117,,52.400000000001455,9.900000000001455,65.70000000000073,103.10250000000005,0.5082320991246714
1657,eia-weekly-cushing-oil-inventories,,2,2026-03-11 17:30:00,17:30,2,0.117,,1.564,,99.29999999999927,7.5,-92.39999999999782,103.10250000000005,0.9631192260129408
1657,eia-weekly-cushing-oil-inventories,,2,2026-03-04 17:30:00,17:30,2,1.564,,0.881,,109.20000000000073,-77.5,-32.39999999999782,103.10250000000005,1.059140176038415
1657,eia-weekly-cushing-oil-inventories,,2,2026-02-25 17:30:00,17:30,2,0.881,,-1.095,,64.59999999999854,-35.79999999999927,-33.79999999999927,103.10250000000005,0.6265609466307657
1657,eia-weekly-cushing-oil-inventories,,2,2026-02-19 19:00:00,19:00,3,-1.095,,1.071,,92.60000000000218,2.100000000002183,-63.19999999999709,69.36535433070858,1.3349603832270405
1657,eia-weekly-cushing-oil-inventories,,2,2026-02-11 17:30:00,17:30,2,1.071,,-0.743,,190.70000000000073,104.5,116.59999999999854,103.10250000000005,1.8496156737227578
1657,eia-weekly-cushing-oil-inventories,,2,2026-02-04 17:30:00,17:30,2,-0.743,,-0.278,,150.0,-38.19999999999709,-116.0,103.10250000000005,1.454862879173637
1657,eia-weekly-cushing-oil-inventories,,2,2026-01-28 17:30:00,17:30,2,-0.278,,1.478,,70.0,-36.70000000000073,-38.20000000000073,103.10250000000005,0.6789360102810307
1657,eia-weekly-cushing-oil-inventories,,2,2026-01-22 19:00:00,19:00,3,1.478,,0.745,,40.29999999999927,18.900000000001455,41.900000000001455,69.36535433070858,0.58098167866142
1657,eia-weekly-cushing-oil-inventories,,2,2026-01-14 17:30:00,17:30,2,0.745,,0.728,,163.70000000000073,-54.30000000000291,-34.80000000000291,103.10250000000005,1.587740355471503
1657,eia-weekly-cushing-oil-inventories,,2,2026-01-07 17:30:00,17:30,2,0.728,,0.543,,99.20000000000073,-11.900000000001455,29.19999999999709,103.10250000000005,0.9621493174268391
1657,eia-weekly-cushing-oil-inventories,,2,2025-12-31 17:30:00,17:30,2,0.543,,0.707,,41.5,-14.799999999999272,-6.0,103.10250000000005,0.4025120632380396
1657,eia-weekly-cushing-oil-inventories,,2,2025-12-17 17:30:00,17:30,2,-0.742,,0.308,,274.0,-176.79999999999927,-250.1999999999971,103.10250000000005,2.6575495259571773
1657,eia-weekly-cushing-oil-inventories,,2,2025-12-10 17:30:00,17:30,2,0.308,,-0.457,,77.10000000000218,-49.0,12.299999999999272,103.10250000000005,0.7477995198952707
1657,eia-weekly-cushing-oil-inventories,,2,2025-12-03 17:30:00,17:30,2,-0.457,,-0.068,,103.69999999999709,67.5,38.29999999999927,103.10250000000005,1.005795203802013
1657,eia-weekly-cushing-oil-inventories,,2,2025-11-26 17:30:00,17:30,2,-0.068,,-0.698,,58.20000000000073,34.20000000000073,132.20000000000073,103.10250000000005,0.5644867971193783
1657,eia-weekly-cushing-oil-inventories,,2,2025-11-19 17:30:00,17:30,2,-0.698,,-0.346,,163.79999999999927,-42.0,-247.20000000000073,103.10250000000005,1.5887102640576047
1657,eia-weekly-cushing-oil-inventories,,2,2025-11-13 19:00:00,19:00,3,-0.346,,0.3,,84.70000000000073,-19.5,-57.0,69.36535433070858,1.2210706745067887
1657,eia-weekly-cushing-oil-inventories,,2,2025-11-05 17:30:00,17:30,2,0.3,,1.334,,59.5,13.200000000000728,53.20000000000073,103.10250000000005,0.5770956087388761
1657,eia-weekly-cushing-oil-inventories,,2,2025-10-29 17:30:00,17:30,2,1.334,,-0.77,,64.5,-20.700000000000728,-44.20000000000073,103.10250000000005,0.625591038044664
1657,eia-weekly-cushing-oil-inventories,,2,2025-10-22 17:30:00,17:30,2,-0.77,,-0.703,,90.09999999999854,-51.29999999999927,-97.29999999999927,103.10250000000005,0.873887636090284
1657,eia-weekly-cushing-oil-inventories,,2,2025-10-16 19:00:00,19:00,3,-0.703,,-0.763,,99.5,6.5,-45.10000000000218,69.36535433070858,1.434433673121894
1657,eia-weekly-cushing-oil-inventories,,2,2025-10-08 17:30:00,17:30,2,-0.763,,-0.271,,49.599999999998545,-20.5,19.5,103.10250000000005,0.48107465871340194
1665,fomc-member-kashkari-speaks,,2,2026-03-03 18:45:00,18:45,1,,,,,92.0,23.900000000001455,45.400000000001455,74.42229729729715,1.2361886604021997
1665,fomc-member-kashkari-speaks,,2,2026-02-19 16:00:00,16:00,3,,,,,45.70000000000073,-5.700000000000728,26.799999999999272,50.106521739130415,0.9120569222092214
1665,fomc-member-kashkari-speaks,,2,2026-01-14 19:00:00,19:00,2,,,,,66.90000000000146,34.79999999999927,-10.700000000000728,69.36535433070858,0.9644584194156463
1665,fomc-member-kashkari-speaks,,2,2026-01-09 17:00:00,17:00,4,,,,,194.39999999999782,12.200000000000728,76.0,101.07999999999997,1.923229125445171
1665,fomc-member-kashkari-speaks,,2,2025-11-17 20:00:00,20:00,0,,,,,58.20000000000073,-13.600000000002183,-105.20000000000073,64.52000000000038,0.9020458772473712
1665,fomc-member-kashkari-speaks,,2,2025-11-13 17:30:00,17:30,3,,,,,179.39999999999782,-89.79999999999927,-159.5,103.10250000000005,1.740016003491649
1665,fomc-member-kashkari-speaks,,2,2025-10-08 22:15:00,22:15,2,,,,,22.200000000000728,17.200000000000728,37.80000000000291,61.62340425531911,0.36025273624970994
1665,fomc-member-kashkari-speaks,,2,2025-10-07 18:30:00,18:30,1,,,,,93.20000000000073,-35.79999999999927,-37.39999999999782,80.64732824427472,1.15564894744814
1670,u6-unemployment-rate,,2,2026-03-06 15:30:00,15:30,4,7.9,,8.1,,227.90000000000146,-133.6999999999971,-182.1999999999971,49.90365853658544,4.566799442828888
1670,u6-unemployment-rate,,2,2026-02-11 15:30:00,15:30,2,8.0,,8.4,,174.29999999999927,90.09999999999854,166.79999999999927,49.90365853658544,3.4927298941863394
1670,u6-unemployment-rate,,2,2026-01-09 15:30:00,15:30,4,8.4,,8.7,,66.60000000000218,52.5,-27.399999999997817,49.90365853658544,1.3345714914103202
1670,u6-unemployment-rate,,2,2025-12-16 15:30:00,15:30,1,8.7,,8.0,,139.20000000000073,-13.5,-54.400000000001455,49.90365853658544,2.789374648713385
1670,u6-unemployment-rate,,2,2025-11-20 15:30:00,15:30,3,8.0,,8.1,,131.79999999999927,62.900000000001455,73.5,49.90365853658544,2.6410889274455474
1673,opec-monthly-report,,2,2026-04-13 13:00:00,13:00,0,,,,,13.099999999998545,3.7999999999992724,41.20000000000073,37.445890410959116,0.3498381225878028
1673,opec-monthly-report,,2,2026-03-11 13:00:00,13:00,2,,,,,88.89999999999782,71.19999999999709,115.29999999999927,37.445890410959116,2.374092297561707
1673,opec-monthly-report,,2,2025-12-11 14:00:00,14:00,3,,,,,62.29999999999927,20.0,69.39999999999782,52.574829931972765,1.1849776800155136
1673,opec-monthly-report,,2,2025-11-12 12:00:00,12:00,2,,,,,23.299999999999272,-0.6999999999970896,-22.5,40.98287671232857,0.5685301245090516
1673,opec-monthly-report,,2,2025-10-13 14:00:00,14:00,0,,,,,131.29999999999927,-67.60000000000218,-53.5,52.574829931972765,2.497392767031106
1674,iea-monthly-report,,2,2026-04-14 12:00:00,12:00,1,,,,,13.0,5.900000000001455,-25.099999999998545,40.98287671232857,0.3172056488677211
1674,iea-monthly-report,,2,2026-03-12 12:00:00,12:00,3,,,,,69.5,-37.70000000000073,39.70000000000073,40.98287671232857,1.6958301997158935
1674,iea-monthly-report,,2,2026-02-12 11:00:00,11:00,3,,,,,22.899999999997817,3.099999999998545,1.5,47.83541666666679,0.47872479421623293
1674,iea-monthly-report,,2,2026-01-21 11:00:00,11:00,2,,,,,42.5,5.099999999998545,-75.0,47.83541666666679,0.8884630460345782
1674,iea-monthly-report,,2,2025-12-11 11:00:00,11:00,3,,,,,64.40000000000146,32.900000000001455,66.60000000000218,47.83541666666679,1.3462828274030147
1674,iea-monthly-report,,2,2025-11-13 11:00:00,11:00,3,,,,,117.5,-86.90000000000146,-110.29999999999927,47.83541666666679,2.45633900962501
1674,iea-monthly-report,,2,2025-10-14 11:00:00,11:00,1,,,,,77.20000000000073,-2.099999999998545,43.900000000001455,47.83541666666679,1.6138669918557664
1692,fomc-press-conference,,3,2026-04-29 21:30:00,21:30,2,,,,,92.10000000000218,-16.899999999997817,102.10000000000218,55.4566176470586,1.6607576139272016
1692,fomc-press-conference,,3,2026-03-18 21:30:00,21:30,2,,,,,112.0,-42.5,-134.60000000000218,55.4566176470586,2.01959666405909
1692,fomc-press-conference,,3,2026-01-28 21:30:00,21:30,2,,,,,95.30000000000291,26.0,52.80000000000291,55.4566176470586,1.7184603757574743
1692,fomc-press-conference,,3,2025-12-10 21:30:00,21:30,2,,,,,192.70000000000073,-0.5,168.5,55.4566176470586,3.474788188965965
1692,fomc-press-conference,,3,2025-10-29 21:30:00,21:30,2,,,,,232.70000000000073,-176.40000000000146,-55.10000000000218,55.4566176470586,4.196072711844211
1694,u.s.-president-trump-speaks,,3,2026-04-27 02:00:00,02:00,0,,,,,21.100000000002183,-14.799999999999272,-11.5,41.14489795918357,0.512821784633753
1694,u.s.-president-trump-speaks,,3,2026-04-21 15:30:00,15:30,1,,,,,58.10000000000218,-31.299999999999272,-51.0,49.90365853658544,1.1642432980621618
1694,u.s.-president-trump-speaks,,3,2026-04-17 21:00:00,21:00,4,,,,,65.70000000000073,-40.0,-23.299999999999272,59.729508196721284,1.0999588307945785
1694,u.s.-president-trump-speaks,,3,2026-04-17 02:00:00,02:00,4,,,,,17.0,-1.4000000000014552,5.5,41.14489795918357,0.4131739497048768
1694,u.s.-president-trump-speaks,,3,2026-04-15 13:00:00,13:00,2,,,,,46.0,6.5,6.799999999999272,37.445890410959116,1.2284392090870777
1694,u.s.-president-trump-speaks,,3,2026-04-15 13:00:00,13:00,2,,,,,46.0,6.5,6.799999999999272,37.445890410959116,1.2284392090870777
1694,u.s.-president-trump-speaks,,3,2026-04-06 20:00:00,20:00,0,,,,,106.5,-80.39999999999782,-43.89999999999782,64.52000000000038,1.6506509609423337
1694,u.s.-president-trump-speaks,,3,2026-04-02 04:00:00,04:00,3,,,,,263.0,-95.79999999999927,-294.2999999999993,35.9503401360546,7.315647056597311
1694,u.s.-president-trump-speaks,,3,2026-03-30 01:30:00,01:30,0,,,,,82.60000000000218,-44.89999999999782,-51.89999999999782,38.28918918918928,2.1572668878379853
1694,u.s.-president-trump-speaks,,3,2026-03-26 23:00:00,23:00,3,,,,,256.5,113.59999999999854,35.20000000000073,55.577443609022524,4.615181687816231
1694,u.s.-president-trump-speaks,,3,2026-03-26 22:00:00,22:00,3,,,,,61.900000000001455,-45.400000000001455,-95.40000000000146,61.38723404255339,1.008352973797331
1694,u.s.-president-trump-speaks,,3,2026-03-26 02:20:00,02:20,3,,,,,22.0,3.2000000000007276,71.29999999999927,35.528187919462994,0.6192266278784232
1694,u.s.-president-trump-speaks,,3,2026-03-23 16:30:00,16:30,0,,,,,173.89999999999782,5.69999999999709,145.29999999999927,151.28972602739742,1.1494501613976473
1694,u.s.-president-trump-speaks,,3,2026-03-17 18:30:00,18:30,1,,,,,78.90000000000146,-14.400000000001455,2.099999999998545,80.64732824427472,0.9783337119491332
1694,u.s.-president-trump-speaks,,3,2026-03-16 18:30:00,18:30,0,,,,,44.70000000000073,1.5,-82.79999999999927,80.64732824427472,0.5542651067696598
1694,u.s.-president-trump-speaks,,3,2026-03-02 18:00:00,18:00,0,,,,,93.39999999999782,48.5,109.40000000000146,89.75319148936146,1.0406315190593376
1694,u.s.-president-trump-speaks,,3,2026-02-25 04:00:00,04:00,2,,,,,25.399999999997817,-0.9000000000014552,3.399999999997817,35.9503401360546,0.7065301720059153
1694,u.s.-president-trump-speaks,,3,2026-02-20 19:45:00,19:45,4,,,,,95.90000000000146,71.70000000000073,107.60000000000218,67.92097902097908,1.4119348893716677
1694,u.s.-president-trump-speaks,,3,2026-02-06 02:00:00,02:00,4,,,,,114.0,-66.59999999999854,65.5,41.14489795918357,2.770695898020939
1694,u.s.-president-trump-speaks,,3,2026-01-27 23:00:00,23:00,1,,,,,43.70000000000073,3.7000000000007276,34.5,55.577443609022524,0.7862902134798155
1694,u.s.-president-trump-speaks,,3,2026-01-21 15:30:00,15:30,2,,,,,66.79999999999927,-27.5,121.5,49.90365853658544,1.338579213606689
1694,u.s.-president-trump-speaks,,3,2026-01-13 21:00:00,21:00,1,,,,,47.20000000000073,-10.0,25.799999999999272,59.729508196721284,0.790229175243597
1694,u.s.-president-trump-speaks,,3,2025-12-18 04:00:00,04:00,3,,,,,54.5,16.900000000001455,7.0,35.9503401360546,1.5159800934773895
1694,u.s.-president-trump-speaks,,3,2025-12-12 03:15:00,03:15,4,,,,,22.0,21.200000000000728,40.70000000000073,44.079865771811946,0.499094078777084
1694,u.s.-president-trump-speaks,,3,2025-12-03 21:30:00,21:30,2,,,,,27.299999999999272,8.700000000000728,33.20000000000073,55.4566176470586,0.49227668686439
1694,u.s.-president-trump-speaks,,3,2025-11-05 20:00:00,20:00,2,,,,,28.600000000002183,6.599999999998545,52.599999999998545,64.52000000000038,0.44327340359581546
1712,fomc-member-bostic-speaks,,2,2026-02-24 16:00:00,16:00,1,,,,,52.10000000000218,-25.200000000000728,0.0,50.106521739130415,1.0397848062823123
1712,fomc-member-bostic-speaks,,2,2026-02-20 16:45:00,16:45,4,,,,,225.10000000000218,-26.5,136.40000000000146,128.45245901639325,1.7523993057328289
1712,fomc-member-bostic-speaks,,2,2026-02-19 15:20:00,15:20,3,,,,,78.29999999999927,1.5999999999985448,27.599999999998545,58.86621621621622,1.3301347535639552
1712,fomc-member-bostic-speaks,,2,2026-02-09 22:15:00,22:15,0,,,,,66.79999999999927,-36.5,-29.5,61.62340425531911,1.0840037288954762
1712,fomc-member-bostic-speaks,,2,2026-02-05 17:50:00,17:50,3,,,,,107.79999999999927,-2.0,193.0,94.158108108108,1.1448828164243519
1712,fomc-member-bostic-speaks,,2,2026-02-02 19:30:00,19:30,0,,,,,31.0,-3.2999999999992724,-3.1999999999970896,69.80068965517253,0.4441216863779621
1712,fomc-member-bostic-speaks,,2,2026-01-15 15:35:00,15:35,3,,,,,45.29999999999927,34.099999999998545,14.399999999997817,54.40068027210873,0.8327101751928756
1712,fomc-member-bostic-speaks,,2,2026-01-14 19:00:00,19:00,2,,,,,66.90000000000146,34.79999999999927,-10.700000000000728,69.36535433070858,0.9644584194156463
1712,fomc-member-bostic-speaks,,2,2026-01-12 19:30:00,19:30,0,,,,,33.20000000000073,-3.5,28.200000000000728,69.80068965517253,0.47563999960479564
1712,fomc-member-bostic-speaks,,2,2025-12-17 19:30:00,19:30,2,,,,,99.29999999999927,-33.70000000000073,-32.70000000000073,69.80068965517253,1.4226220470106876
1712,fomc-member-bostic-speaks,,2,2025-11-14 22:20:00,22:20,4,,,,,58.19999999999709,-3.599999999998545,-1.2000000000007276,60.0718309859155,0.9688401209818746
1712,fomc-member-bostic-speaks,,2,2025-11-14 16:20:00,16:20,4,,,,,217.60000000000218,-113.40000000000146,175.09999999999854,127.2190476190477,1.7104356939661787
1712,fomc-member-bostic-speaks,,2,2025-11-12 19:15:00,19:15,2,,,,,92.60000000000218,0.7999999999992724,56.0,69.90270270270257,1.324698422517819
1712,fomc-member-bostic-speaks,,2,2025-10-31 19:00:00,19:00,4,,,,,97.5,-44.20000000000073,-102.70000000000073,69.36535433070858,1.4056008354712028
1712,fomc-member-bostic-speaks,,2,2025-10-15 19:10:00,19:10,2,,,,,65.70000000000073,-6.400000000001455,-176.20000000000073,70.06081081081064,0.9377567750024237
1712,fomc-member-bostic-speaks,,2,2025-10-07 17:00:00,17:00,1,,,,,42.599999999998545,-2.5,-55.20000000000073,101.07999999999997,0.42144835773643213
1738,fed-chair-powell-speaks,,3,2026-03-30 17:30:00,17:30,0,,,,,98.90000000000146,-51.20000000000073,5.400000000001455,103.10250000000005,0.9592395916684989
1738,fed-chair-powell-speaks,,3,2025-12-02 03:00:00,03:00,1,,,,,42.900000000001455,26.099999999998545,4.799999999999272,50.0953020134228,0.8563677286246643
1738,fed-chair-powell-speaks,,3,2025-10-14 19:20:00,19:20,1,,,,,90.59999999999854,57.10000000000218,73.79999999999927,70.78986486486478,1.2798442287317622
1738,fed-chair-powell-speaks,,3,2025-10-09 15:30:00,15:30,3,,,,,13.399999999997817,1.6000000000021828,2.900000000001455,49.90365853658544,0.26851738716058243
1755,industrial-production,,2,2026-04-16 16:15:00,16:15,3,0.74,,1.23,,92.79999999999927,27.299999999999272,-55.20000000000073,115.36549295774654,0.8043999780245203
1755,industrial-production,,2,2026-03-16 16:15:00,16:15,0,1.44,,2.33,,92.79999999999927,-2.100000000002183,78.59999999999854,115.36549295774654,0.8043999780245203
1755,industrial-production,,2,2026-02-18 16:15:00,16:15,2,2.28,,1.3,,95.0,-19.900000000001455,211.0,115.36549295774654,0.8234698050897633
1755,industrial-production,,2,2026-01-16 16:15:00,16:15,4,1.99,,2.68,,58.89999999999782,29.599999999998545,-117.70000000000073,115.36549295774654,0.5105512791556343
1755,industrial-production,,2,2025-12-23 16:15:00,16:15,1,2.52,,2.2,,112.30000000000291,19.200000000000728,24.700000000000728,115.36549295774654,0.9734279906482401
1755,industrial-production,,2,2025-12-03 16:15:00,16:15,2,1.62,,0.84,,113.70000000000073,63.0,82.90000000000146,115.36549295774654,0.9855633351442808
1762,exports,,2,2026-04-02 15:30:00,15:30,3,314.8,,302.2,,45.19999999999709,15.299999999999272,35.19999999999709,49.90365853658544,0.9057452163925016
1762,exports,,2,2026-03-12 15:30:00,15:30,3,302.1,,286.3,,40.5,-18.5,-63.5,49.90365853658544,0.8115637447765194
1762,exports,,2,2026-02-19 15:30:00,15:30,3,287.3,,292.3,,78.29999999999927,18.799999999999272,2.599999999998545,49.90365853658544,1.5690232399012563
1762,exports,,2,2026-01-29 15:30:00,15:30,3,292.1,,303.0,,44.29999999999927,24.099999999998545,-40.5,49.90365853658544,0.8877104665086227
1762,exports,,2,2026-01-08 15:30:00,15:30,3,302.0,,294.2,,31.700000000000728,-5.700000000000728,-18.900000000001455,49.90365853658544,0.6352239681337347
1762,exports,,2,2025-12-11 15:30:00,15:30,3,289.3,,280.8,,46.20000000000073,-28.799999999999272,-27.599999999998545,49.90365853658544,0.9257838273747108
1762,exports,,2,2025-11-19 15:30:00,15:30,2,280.8,,280.5,,47.29999999999927,-16.0,-75.60000000000218,49.90365853658544,0.9478262994550316
1763,imports,,2,2026-04-02 15:30:00,15:30,3,372.1,,356.9,,45.19999999999709,15.299999999999272,35.19999999999709,49.90365853658544,0.9057452163925016
1763,imports,,2,2026-03-12 15:30:00,15:30,3,356.6,,359.2,,40.5,-18.5,-63.5,49.90365853658544,0.8115637447765194
1763,imports,,2,2026-02-19 15:30:00,15:30,3,357.6,,345.3,,78.29999999999927,18.799999999999272,2.599999999998545,49.90365853658544,1.5690232399012563
1763,imports,,2,2026-01-29 15:30:00,15:30,3,348.9,,332.1,,44.29999999999927,24.099999999998545,-40.5,49.90365853658544,0.8877104665086227
1763,imports,,2,2026-01-08 15:30:00,15:30,3,331.4,,342.4,,31.700000000000728,-5.700000000000728,-18.900000000001455,49.90365853658544,0.6352239681337347
1763,imports,,2,2025-12-11 15:30:00,15:30,3,342.1,,340.4,,46.20000000000073,-28.799999999999272,-27.599999999998545,49.90365853658544,0.9257838273747108
1763,imports,,2,2025-11-19 15:30:00,15:30,2,340.4,,358.8,,47.29999999999927,-16.0,-75.60000000000218,49.90365853658544,0.9478262994550316
1764,wasde-report,,2,2026-04-09 19:00:00,19:00,3,,,,,74.89999999999782,19.30000000000291,7.30000000000291,69.36535433070858,1.0797897700183592
1764,wasde-report,,2,2025-12-09 19:00:00,19:00,1,,,,,42.79999999999927,12.0,8.5,69.36535433070858,0.6170227257247841
1764,wasde-report,,2,2025-11-10 19:00:00,19:00,0,,,,,67.20000000000073,-3.5,113.59999999999854,69.36535433070858,0.9687833450632395
1764,wasde-report,,2,2025-10-09 19:00:00,19:00,3,,,,,39.29999999999927,2.2999999999992724,-59.10000000000218,69.36535433070858,0.5665652598360743
1777,average-hourly-earnings,,2,2026-03-06 15:30:00,15:30,4,3.8,3.7,3.7,0.09999999999999964,227.90000000000146,-133.6999999999971,-182.1999999999971,49.90365853658544,4.566799442828888
1777,average-hourly-earnings,,2,2026-02-11 15:30:00,15:30,2,3.7,3.6,3.7,0.10000000000000009,174.29999999999927,90.09999999999854,166.79999999999927,49.90365853658544,3.4927298941863394
1777,average-hourly-earnings,,2,2026-01-09 15:30:00,15:30,4,3.8,3.6,3.6,0.19999999999999973,66.60000000000218,52.5,-27.399999999997817,49.90365853658544,1.3345714914103202
1777,average-hourly-earnings,,2,2025-12-16 15:30:00,15:30,1,3.5,,3.7,,139.20000000000073,-13.5,-54.400000000001455,49.90365853658544,2.789374648713385
1777,average-hourly-earnings,,2,2025-11-20 15:30:00,15:30,3,3.8,3.7,3.8,0.09999999999999964,131.79999999999927,62.900000000001455,73.5,49.90365853658544,2.6410889274455474
1802,fomc-member-daly-speaks,,2,2026-04-17 18:30:00,18:30,4,,,,,60.39999999999782,-24.700000000000728,14.599999999998545,80.64732824427472,0.7489398758139977
1802,fomc-member-daly-speaks,,2,2026-04-08 20:00:00,20:00,2,,,,,68.29999999999927,-18.5,-48.0,64.52000000000038,1.058586484810894
1802,fomc-member-daly-speaks,,2,2026-03-27 18:30:00,18:30,4,,,,,89.0,-14.5,-74.5,80.64732824427472,1.1035703468120563
1802,fomc-member-daly-speaks,,2,2026-03-06 17:15:00,17:15,4,,,,,131.90000000000146,31.299999999999272,32.400000000001455,105.49931972789099,1.2502450285006992
1802,fomc-member-daly-speaks,,2,2026-02-17 21:30:00,21:30,1,,,,,68.69999999999709,36.19999999999709,-63.400000000001455,55.4566176470586,1.2388061680433355
1802,fomc-member-daly-speaks,,2,2025-11-13 15:00:00,15:00,3,,,,,49.0,2.7999999999992724,-87.10000000000218,49.39310344827591,0.9920413292376422
1802,fomc-member-daly-speaks,,2,2025-11-10 15:30:00,15:30,0,,,,,29.0,-7.200000000000728,-10.099999999998545,49.90365853658544,0.5811197184819522
1802,fomc-member-daly-speaks,,2,2025-11-03 19:00:00,19:00,0,,,,,60.0,14.0,31.400000000001455,69.36535433070858,0.8649851295207401
1802,fomc-member-daly-speaks,,2,2025-10-10 04:40:00,04:40,4,,,,,11.700000000000728,4.400000000001455,10.0,32.31879194630858,0.3620184819852801
1810,u.s.-baker-hughes-total-rig-count,,2,2026-05-01 20:00:00,20:00,4,547.0,,544.0,,58.599999999998545,24.899999999997817,52.39999999999782,64.52000000000038,0.908245505269656
1810,u.s.-baker-hughes-total-rig-count,,2,2026-04-24 20:00:00,20:00,4,544.0,,543.0,,55.70000000000073,-1.0999999999985448,22.600000000002183,64.52000000000038,0.8632982021078798
1810,u.s.-baker-hughes-total-rig-count,,2,2026-04-17 20:00:00,20:00,4,543.0,,545.0,,140.5,-19.099999999998545,-51.20000000000073,64.52000000000038,2.177619342839417
1810,u.s.-baker-hughes-total-rig-count,,2,2026-04-10 20:00:00,20:00,4,545.0,,548.0,,37.5,-16.700000000000728,7.5,64.52000000000038,0.581215127092371
1810,u.s.-baker-hughes-total-rig-count,,2,2026-04-02 20:00:00,20:00,3,548.0,,543.0,,80.0,35.29999999999927,-30.700000000000728,64.52000000000038,1.2399256044637248
1810,u.s.-baker-hughes-total-rig-count,,2,2026-03-27 20:00:00,20:00,4,543.0,,552.0,,113.59999999999854,-7.799999999999272,-113.0,64.52000000000038,1.7606943583384669
1810,u.s.-baker-hughes-total-rig-count,,2,2026-03-20 20:00:00,20:00,4,552.0,,553.0,,65.59999999999854,-18.5,-60.400000000001455,64.52000000000038,1.0167389956602317
1810,u.s.-baker-hughes-total-rig-count,,2,2026-03-13 20:00:00,20:00,4,553.0,,551.0,,82.40000000000146,61.900000000001455,-22.299999999999272,64.52000000000038,1.2771233725976592
1810,u.s.-baker-hughes-total-rig-count,,2,2026-03-06 20:00:00,20:00,4,551.0,,550.0,,118.59999999999854,104.0,15.600000000002183,64.52000000000038,1.8381897086174497
1810,u.s.-baker-hughes-total-rig-count,,2,2026-02-27 20:00:00,20:00,4,550.0,,551.0,,73.89999999999782,-32.400000000001455,-42.900000000001455,64.52000000000038,1.145381277123332
1810,u.s.-baker-hughes-total-rig-count,,2,2026-02-20 20:00:00,20:00,4,551.0,,551.0,,112.10000000000218,-32.099999999998545,63.20000000000073,64.52000000000038,1.7374457532548284
1810,u.s.-baker-hughes-total-rig-count,,2,2026-02-13 20:00:00,20:00,4,551.0,,551.0,,89.59999999999854,5.099999999998545,1.2999999999992724,64.52000000000038,1.3887166769993493
1810,u.s.-baker-hughes-total-rig-count,,2,2026-02-06 20:00:00,20:00,4,551.0,,546.0,,43.400000000001455,4.399999999997817,-8.30000000000291,64.52000000000038,0.6726596404215933
1810,u.s.-baker-hughes-total-rig-count,,2,2026-01-30 20:00:00,20:00,4,546.0,,544.0,,144.39999999999782,-7.5,61.79999999999927,64.52000000000038,2.2380657160569895
1810,u.s.-baker-hughes-total-rig-count,,2,2026-01-23 20:00:00,20:00,4,544.0,,543.0,,74.5,36.0,31.700000000000728,64.52000000000038,1.1546807191568438
1810,u.s.-baker-hughes-total-rig-count,,2,2026-01-16 20:00:00,20:00,4,543.0,,544.0,,71.29999999999927,33.5,56.5,64.52000000000038,1.1050836949782836
1810,u.s.-baker-hughes-total-rig-count,,2,2026-01-09 20:00:00,20:00,4,544.0,,546.0,,37.0,-31.700000000000728,38.400000000001455,64.52000000000038,0.5734655920644728
1810,u.s.-baker-hughes-total-rig-count,,2,2025-12-30 20:00:00,20:00,1,546.0,,545.0,,28.600000000002183,1.7999999999992724,4.0,64.52000000000038,0.44327340359581546
1810,u.s.-baker-hughes-total-rig-count,,2,2025-12-23 20:00:00,20:00,1,545.0,,542.0,,28.399999999997817,14.799999999999272,19.200000000000728,64.52000000000038,0.4401735895845885
1810,u.s.-baker-hughes-total-rig-count,,2,2025-12-19 20:00:00,20:00,4,542.0,,548.0,,23.799999999999272,5.799999999999272,-26.0,64.52000000000038,0.36887786732794686
1810,u.s.-baker-hughes-total-rig-count,,2,2025-12-12 20:00:00,20:00,4,548.0,,549.0,,105.29999999999927,55.60000000000218,0.6000000000021828,64.52000000000038,1.6320520768753666
1810,u.s.-baker-hughes-total-rig-count,,2,2025-12-05 20:00:00,20:00,4,549.0,,544.0,,39.0,-5.0,-2.7999999999992724,64.52000000000038,0.6044637321760659
1810,u.s.-baker-hughes-total-rig-count,,2,2025-11-26 20:00:00,20:00,2,544.0,,554.0,,73.40000000000146,-8.5,-21.799999999999272,64.52000000000038,1.1376317420954902
1810,u.s.-baker-hughes-total-rig-count,,2,2025-11-21 20:00:00,20:00,4,554.0,,549.0,,156.79999999999927,-115.20000000000073,127.0,64.52000000000038,2.4302541847488897
1810,u.s.-baker-hughes-total-rig-count,,2,2025-11-14 20:00:00,20:00,4,549.0,,548.0,,101.70000000000073,16.69999999999709,-30.5,64.52000000000038,1.5762554246745215
1810,u.s.-baker-hughes-total-rig-count,,2,2025-11-07 20:00:00,20:00,4,548.0,,546.0,,79.10000000000218,31.600000000002183,80.79999999999927,64.52000000000038,1.225976441413542
1810,u.s.-baker-hughes-total-rig-count,,2,2025-10-31 20:00:00,20:00,4,546.0,,550.0,,65.20000000000073,-33.0,-1.7999999999992724,64.52000000000038,1.010539367637947
1810,u.s.-baker-hughes-total-rig-count,,2,2025-10-24 20:00:00,20:00,4,550.0,,548.0,,18.799999999999272,-7.799999999999272,-2.0,64.52000000000038,0.29138251704896406
1810,u.s.-baker-hughes-total-rig-count,,2,2025-10-17 20:00:00,20:00,4,548.0,,547.0,,78.80000000000291,-19.900000000001455,32.900000000001455,64.52000000000038,1.2213267203968141
1810,u.s.-baker-hughes-total-rig-count,,2,2025-10-10 20:00:00,20:00,4,547.0,,549.0,,84.60000000000218,-35.5,20.599999999998545,64.52000000000038,1.311221326720423
1810,u.s.-baker-hughes-total-rig-count,,2,2025-10-03 20:00:00,20:00,4,549.0,,549.0,,93.09999999999854,-36.70000000000073,-144.0,64.52000000000038,1.4429634221946372
1835,fomc-member-bowman-speaks,,2,2026-04-15 20:45:00,20:45,2,,,,,63.79999999999927,6.700000000000728,88.20000000000073,63.269503546099365,1.008384710234266
1835,fomc-member-bowman-speaks,,2,2026-04-02 19:45:00,19:45,3,,,,,61.79999999999927,-23.799999999999272,-7.299999999999272,67.92097902097908,0.9098808776138343
1835,fomc-member-bowman-speaks,,2,2026-03-12 18:00:00,18:00,3,,,,,71.80000000000291,-29.69999999999709,45.80000000000291,89.75319148936146,0.799971553195559
1835,fomc-member-bowman-speaks,,2,2026-03-11 15:30:00,15:30,2,,,,,135.10000000000218,-62.30000000000291,38.89999999999782,49.90365853658544,2.7072163436866554
1835,fomc-member-bowman-speaks,,2,2026-03-05 20:15:00,20:15,3,,,,,112.80000000000291,-84.10000000000218,-24.5,65.79440559440556,1.7144314775843827
1835,fomc-member-bowman-speaks,,2,2026-03-03 15:30:00,15:30,1,,,,,83.09999999999854,-33.400000000001455,4.099999999998545,49.90365853658544,1.665208572615496
1835,fomc-member-bowman-speaks,,2,2026-02-26 17:00:00,17:00,3,,,,,308.2999999999993,-126.10000000000218,-194.0,101.07999999999997,3.0500593589236185
1835,fomc-member-bowman-speaks,,2,2026-02-19 15:30:00,15:30,3,,,,,78.29999999999927,18.799999999999272,2.599999999998545,49.90365853658544,1.5690232399012563
1835,fomc-member-bowman-speaks,,2,2026-02-18 20:00:00,20:00,2,,,,,57.79999999999927,-15.0,-74.20000000000073,64.52000000000038,0.89584624922503
1835,fomc-member-bowman-speaks,,2,2026-02-16 15:25:00,15:25,0,,,,,27.600000000002183,7.799999999999272,-80.89999999999782,60.77702702702693,0.45411895497502275
1835,fomc-member-bowman-speaks,,2,2026-02-11 17:15:00,17:15,2,,,,,135.60000000000218,-112.70000000000073,68.89999999999782,105.49931972789099,1.285316344690642
1835,fomc-member-bowman-speaks,,2,2026-02-03 16:40:00,16:40,1,,,,,272.1000000000022,-99.89999999999782,-273.6999999999971,137.39189189189176,1.9804662142225022
1835,fomc-member-bowman-speaks,,2,2026-01-16 18:00:00,18:00,4,,,,,57.0,8.900000000001455,35.80000000000291,89.75319148936146,0.6350749099184543
1835,fomc-member-bowman-speaks,,2,2025-12-04 19:00:00,19:00,3,,,,,53.79999999999927,-10.599999999998545,-24.5,69.36535433070858,0.7756033328035865
1835,fomc-member-bowman-speaks,,2,2025-12-02 17:00:00,17:00,1,,,,,57.79999999999927,37.19999999999709,50.19999999999709,101.07999999999997,0.5718242975860635
1835,fomc-member-bowman-speaks,,2,2025-11-04 13:35:00,13:35,1,,,,,29.599999999998545,11.399999999997817,6.200000000000728,37.11554054054061,0.7975096029563956
1835,fomc-member-bowman-speaks,,2,2025-10-30 16:55:00,16:55,3,,,,,139.59999999999854,-39.79999999999927,-131.29999999999927,110.21496598639447,1.2666156428994544
1835,fomc-member-bowman-speaks,,2,2025-10-23 17:00:00,17:00,3,,,,,90.90000000000146,-23.5,30.099999999998545,101.07999999999997,0.8992876929165164
1835,fomc-member-bowman-speaks,,2,2025-10-16 17:00:00,17:00,3,,,,,98.20000000000073,-17.799999999999272,45.900000000001455,101.07999999999997,0.9715077166600787
1835,fomc-member-bowman-speaks,,2,2025-10-14 15:45:00,15:45,1,,,,,81.90000000000146,46.5,-122.0,54.18389261744965,1.5115193103277702
1835,fomc-member-bowman-speaks,,2,2025-10-09 22:45:00,22:45,3,,,,,30.400000000001455,20.600000000002183,7.600000000002183,74.15845070422546,0.4099330516120033
1835,fomc-member-bowman-speaks,,2,2025-10-09 15:35:00,15:35,3,,,,,16.400000000001455,-4.700000000000728,-15.600000000002183,54.40068027210873,0.30146681839215433
1835,fomc-member-bowman-speaks,,2,2025-10-07 17:05:00,17:05,1,,,,,48.89999999999782,20.400000000001455,-75.59999999999854,104.3716216216215,0.4685181588657788
1887,retail-inventories-ex-auto,,2,2026-04-29 15:30:00,15:30,2,0.5,,0.4,,55.599999999998545,9.400000000001455,-24.799999999999272,49.90365853658544,1.114146770606748
1887,retail-inventories-ex-auto,,2,2026-04-21 17:00:00,17:00,1,0.3,0.3,0.4,0.0,69.20000000000073,17.900000000001455,-102.0,101.07999999999997,0.6846062524732959
1887,retail-inventories-ex-auto,,2,2026-04-01 17:00:00,17:00,2,0.3,,0.4,,100.40000000000146,47.80000000000291,143.20000000000073,101.07999999999997,0.9932726553225315
1887,retail-inventories-ex-auto,,2,2026-03-06 17:00:00,17:00,4,0.4,0.2,0.0,0.2,156.60000000000218,99.79999999999927,167.09999999999854,101.07999999999997,1.549267906608649
1887,retail-inventories-ex-auto,,2,2026-02-19 15:30:00,15:30,3,0.2,,-0.2,,78.29999999999927,18.799999999999272,2.599999999998545,49.90365853658544,1.5690232399012563
1887,retail-inventories-ex-auto,,2,2026-02-10 17:00:00,17:00,1,0.2,,0.2,,88.5,-1.4000000000014552,-17.5,101.07999999999997,0.8755441234665614
1887,retail-inventories-ex-auto,,2,2026-01-14 17:00:00,17:00,2,0.3,0.0,0.1,0.3,158.5,88.59999999999854,-93.90000000000146,101.07999999999997,1.5680648990898303
1887,retail-inventories-ex-auto,,2,2025-12-16 17:00:00,17:00,1,0.0,,0.0,,180.29999999999927,-68.0,-69.5,101.07999999999997,1.783735654926784
1887,retail-inventories-ex-auto,,2,2025-11-25 17:00:00,17:00,1,0.0,0.3,0.1,-0.3,163.39999999999782,-75.0,-0.2999999999992724,101.07999999999997,1.6165413533834376
1939,ffr-projection-1st-yr,,2,2026-03-18 21:00:00,21:00,2,3.1,,3.4,,89.09999999999854,-7.399999999997817,-137.0,59.729508196721284,1.491724989707675
1939,ffr-projection-1st-yr,,2,2025-12-10 21:00:00,21:00,2,3.4,,3.4,,132.79999999999927,79.19999999999709,208.6999999999971,59.729508196721284,2.223356662549735
1940,ffr-projection-2nd-yr,,2,2026-03-18 21:00:00,21:00,2,3.1,,3.1,,89.09999999999854,-7.399999999997817,-137.0,59.729508196721284,1.491724989707675
1940,ffr-projection-2nd-yr,,2,2025-12-10 21:00:00,21:00,2,3.1,,3.1,,132.79999999999927,79.19999999999709,208.6999999999971,59.729508196721284,2.223356662549735
1941,ffr-projection-3rd-yr,,2,2025-12-10 21:00:00,21:00,2,3.1,,3.1,,132.79999999999927,79.19999999999709,208.6999999999971,59.729508196721284,2.223356662549735
1942,ffr-projection-longer,,2,2026-03-18 21:00:00,21:00,2,3.1,,3.0,,89.09999999999854,-7.399999999997817,-137.0,59.729508196721284,1.491724989707675
1942,ffr-projection-longer,,2,2025-12-10 21:00:00,21:00,2,3.0,,3.0,,132.79999999999927,79.19999999999709,208.6999999999971,59.729508196721284,2.223356662549735
1943,ffr-projection-current,,2,2026-03-18 21:00:00,21:00,2,3.4,,3.6,,89.09999999999854,-7.399999999997817,-137.0,59.729508196721284,1.491724989707675
1943,ffr-projection-current,,2,2025-12-10 21:00:00,21:00,2,3.6,,3.6,,132.79999999999927,79.19999999999709,208.6999999999971,59.729508196721284,2.223356662549735
1959,cftc-nasdaq-100-speculative-positi,,2,2026-04-24 22:30:00,22:30,4,9.4,,10.8,,37.5,-6.099999999998545,-3.399999999997817,67.25739130434782,0.5575595376619348
1959,cftc-nasdaq-100-speculative-positi,,2,2026-04-17 22:30:00,22:30,4,10.8,,12.5,,49.20000000000073,45.400000000001455,41.10000000000218,67.25739130434782,0.7315181134124692
1959,cftc-nasdaq-100-speculative-positi,,2,2026-04-10 22:30:00,22:30,4,12.5,,20.6,,35.20000000000073,-17.799999999999272,9.700000000000728,67.25739130434782,0.5233625526853469
1959,cftc-nasdaq-100-speculative-positi,,2,2026-03-27 22:30:00,22:30,4,6.6,,24.1,,79.59999999999854,-17.600000000002183,-73.29999999999927,67.25739130434782,1.1835130452770453
1959,cftc-nasdaq-100-speculative-positi,,2,2026-03-20 22:30:00,22:30,4,24.1,,24.9,,101.09999999999854,-7.700000000000728,75.0,67.25739130434782,1.5031805135365544
1959,cftc-nasdaq-100-speculative-positi,,2,2026-03-13 22:30:00,22:30,4,24.9,,2.4,,47.29999999999927,-9.099999999998545,-8.0,67.25739130434782,0.7032684301709096
1959,cftc-nasdaq-100-speculative-positi,,2,2026-03-06 22:30:00,22:30,4,2.4,,10.8,,99.29999999999927,26.5,-19.700000000000728,67.25739130434782,1.4764176557287925
1959,cftc-nasdaq-100-speculative-positi,,2,2026-02-27 22:30:00,22:30,4,10.8,,24.4,,62.900000000001455,-43.20000000000073,-18.400000000001455,67.25739130434782,0.9352131978383068
1959,cftc-nasdaq-100-speculative-positi,,2,2026-02-20 22:30:00,22:30,4,24.4,,13.4,,46.5,38.79999999999927,47.29999999999927,67.25739130434782,0.691373826700799
1959,cftc-nasdaq-100-speculative-positi,,2,2026-02-13 22:30:00,22:30,4,13.4,,14.2,,72.79999999999927,-14.5,15.899999999997817,67.25739130434782,1.082408915781025
1959,cftc-nasdaq-100-speculative-positi,,2,2026-02-06 22:30:00,22:30,4,14.2,,28.2,,120.90000000000146,39.19999999999709,0.5,67.25739130434782,1.7975719494220992
1959,cftc-nasdaq-100-speculative-positi,,2,2026-01-30 22:30:00,22:30,4,28.2,,21.1,,136.0,53.0,54.20000000000073,67.25739130434782,2.0220825899206165
1959,cftc-nasdaq-100-speculative-positi,,2,2026-01-23 22:30:00,22:30,4,21.1,,29.1,,45.0,20.5,-23.599999999998545,67.25739130434782,0.6690714451943217
1959,cftc-nasdaq-100-speculative-positi,,2,2026-01-16 22:30:00,22:30,4,29.1,,32.6,,39.900000000001455,-3.1999999999970896,-24.69999999999709,67.25739130434782,0.5932433480723202
1959,cftc-nasdaq-100-speculative-positi,,2,2026-01-09 22:30:00,22:30,4,32.6,,25.1,,29.200000000000728,-6.5,-34.0,67.25739130434782,0.43415302665943734
1959,cftc-nasdaq-100-speculative-positi,,2,2026-01-05 22:30:00,22:30,0,25.1,,31.8,,42.70000000000073,-0.2999999999992724,-15.900000000001455,67.25739130434782,0.6348744602177339
1959,cftc-nasdaq-100-speculative-positi,,2,2025-12-23 22:30:00,22:30,1,46.4,,48.1,,17.0,-0.5999999999985448,17.400000000001455,67.25739130434782,0.25276032374007706
1959,cftc-nasdaq-100-speculative-positi,,2,2025-12-19 22:30:00,22:30,4,48.1,,57.4,,42.29999999999927,-21.299999999999272,4.400000000001455,67.25739130434782,0.6289271584826516
1959,cftc-nasdaq-100-speculative-positi,,2,2025-12-16 22:30:00,22:30,1,57.4,,46.4,,70.29999999999927,46.599999999998545,-49.400000000001455,67.25739130434782,1.0452382799368962
1959,cftc-nasdaq-100-speculative-positi,,2,2025-12-12 22:30:00,22:30,4,46.4,,48.2,,76.29999999999927,-27.399999999997817,-5.799999999999272,67.25739130434782,1.1344478059628058
1959,cftc-nasdaq-100-speculative-positi,,2,2025-12-09 22:30:00,22:30,1,48.2,,42.3,,33.29999999999927,9.399999999997817,-16.30000000000291,67.25739130434782,0.49511286944378724
1959,cftc-nasdaq-100-speculative-positi,,2,2025-12-05 22:30:00,22:30,4,42.3,,48.9,,49.79999999999927,-3.2999999999992724,6.700000000000728,67.25739130434782,0.7404390660150385
1959,cftc-nasdaq-100-speculative-positi,,2,2025-12-02 22:30:00,22:30,1,48.9,,52.8,,54.79999999999927,-11.80000000000291,-34.5,67.25739130434782,0.8147803377032965
1959,cftc-nasdaq-100-speculative-positi,,2,2025-11-25 22:30:00,22:30,1,52.8,,43.3,,88.5,31.200000000000728,19.900000000001455,67.25739130434782,1.315840508882166
1959,cftc-nasdaq-100-speculative-positi,,2,2025-11-21 22:30:00,22:30,4,43.3,,41.0,,130.60000000000218,0.0,-68.09999999999854,67.25739130434782,1.9417940164973304
1959,cftc-nasdaq-100-speculative-positi,,2,2025-11-19 22:30:00,22:30,2,41.0,,23.4,,135.10000000000218,-3.100000000002183,78.89999999999782,67.25739130434782,2.0087011610167624
1968,us-leading-index,,2,2026-04-30 17:00:00,17:00,3,-0.6,-0.2,0.0,-0.39999999999999997,138.79999999999927,6.5,113.29999999999927,101.07999999999997,1.3731697665215603
1968,us-leading-index,,2,2026-03-19 17:00:00,17:00,3,-0.1,-0.1,-0.2,0.0,116.20000000000073,-7.0,-13.900000000001455,101.07999999999997,1.1495844875346335
1968,us-leading-index,,2,2026-02-19 17:00:00,17:00,3,-0.2,-0.2,-0.3,0.0,101.29999999999927,-3.399999999997817,43.400000000001455,101.07999999999997,1.0021764938662376
1968,us-leading-index,,2,2026-01-23 18:00:00,18:00,4,-0.3,-0.2,-0.1,-0.09999999999999998,40.29999999999927,-3.0,-37.5,89.75319148936146,0.44900910297742536
1968,us-leading-index,,2,2025-12-09 17:00:00,17:00,1,-0.3,-0.3,-0.3,0.0,51.39999999999782,5.80000000000291,54.10000000000218,101.07999999999997,0.5085081123862073
1983,20-year-bond-auction,,2,2026-04-22 20:00:00,20:00,2,4.883,,4.817,,83.59999999999854,51.599999999998545,63.70000000000073,64.52000000000038,1.2957222566645699
1983,20-year-bond-auction,,2,2026-03-17 20:00:00,20:00,1,4.817,,4.664,,41.599999999998545,18.700000000000728,37.29999999999927,64.52000000000038,0.6447613143211144
1983,20-year-bond-auction,,2,2026-02-18 20:00:00,20:00,2,4.664,,4.846,,57.79999999999927,-15.0,-74.20000000000073,64.52000000000038,0.89584624922503
1983,20-year-bond-auction,,2,2026-01-21 20:00:00,20:00,2,4.846,,4.798,,99.90000000000146,-15.19999999999709,37.0,64.52000000000038,1.548357098574099
1983,20-year-bond-auction,,2,2025-12-17 20:00:00,20:00,2,4.798,,4.706,,86.5,-11.69999999999709,-64.0,64.52000000000038,1.3406695598264025
1983,20-year-bond-auction,,2,2025-11-19 20:00:00,20:00,2,4.706,,4.506,,77.10000000000218,30.30000000000291,52.0,64.52000000000038,1.1949783013019486
1983,20-year-bond-auction,,2,2025-10-22 20:00:00,20:00,2,4.506,,4.613,,126.10000000000218,-58.099999999998545,-117.90000000000146,64.52000000000038,1.9544327340359802
1986,eia-short-term-energy-outlook,,2,2026-04-07 19:00:00,19:00,1,,,,,129.8000000000029,49.29999999999927,93.69999999999709,69.36535433070858,1.8712511635299098
1986,eia-short-term-energy-outlook,,2,2026-03-10 19:00:00,19:00,1,,,,,69.59999999999854,-33.10000000000218,7.69999999999709,69.36535433070858,1.0033827502440376
1986,eia-short-term-energy-outlook,,2,2026-02-10 19:00:00,19:00,1,,,,,79.40000000000146,37.5,57.099999999998545,69.36535433070858,1.1446636547324671
1986,eia-short-term-energy-outlook,,2,2025-12-09 19:00:00,19:00,1,,,,,42.79999999999927,12.0,8.5,69.36535433070858,0.6170227257247841
1986,eia-short-term-energy-outlook,,2,2025-11-12 19:00:00,19:00,2,,,,,55.0,23.099999999998545,76.69999999999709,69.36535433070858,0.7929030353940119
1986,eia-short-term-energy-outlook,,2,2025-10-07 19:00:00,19:00,1,,,,,62.5,-14.600000000002183,-4.600000000002183,69.36535433070858,0.9010261765841043
1997,fed-waller-speaks,,2,2026-04-21 21:30:00,21:30,1,,,,,74.0,10.5,98.5,55.4566176470586,1.3343763673247557
1997,fed-waller-speaks,,2,2026-04-17 21:00:00,21:00,4,,,,,65.70000000000073,-40.0,-23.299999999999272,59.729508196721284,1.0999588307945785
1997,fed-waller-speaks,,2,2026-04-08 21:35:00,21:35,2,,,,,119.09999999999854,-57.400000000001455,-64.70000000000073,58.24195804195801,2.044917513147444
1997,fed-waller-speaks,,2,2026-03-06 14:30:00,14:30,4,,,,,54.0,-14.400000000001455,9.399999999997817,43.137414965986274,1.2518135368699965
1997,fed-waller-speaks,,2,2026-02-24 16:10:00,16:10,1,,,,,154.60000000000218,-29.900000000001455,39.39999999999782,95.35850340136058,1.6212502764362422
1997,fed-waller-speaks,,2,2026-02-23 15:00:00,15:00,0,,,,,47.5,12.900000000001455,30.200000000000728,49.39310344827591,0.9616727171181225
1997,fed-waller-speaks,,2,2026-02-09 20:30:00,20:30,0,,,,,57.29999999999927,38.29999999999927,75.5,67.74195804195806,0.8458568611865155
1997,fed-waller-speaks,,2,2025-12-17 15:15:00,15:15,2,,,,,74.70000000000073,-13.299999999999272,-27.799999999999272,56.37279999999987,1.3251071438708188
1997,fed-waller-speaks,,2,2025-11-17 22:35:00,22:35,0,,,,,127.90000000000146,74.60000000000218,128.3000000000029,72.33943661971828,1.7680535815112841
1997,fed-waller-speaks,,2,2025-11-12 17:20:00,17:20,2,,,,,95.10000000000218,-8.5,-43.099999999998545,104.42364864864875,0.9107132458087384
1997,fed-waller-speaks,,2,2025-11-06 22:30:00,22:30,3,,,,,126.0,-49.599999999998545,-74.59999999999854,67.25739130434782,1.8734000465441007
1997,fed-waller-speaks,,2,2025-10-21 22:30:00,22:30,1,,,,,35.0,3.0,-51.29999999999927,67.25739130434782,0.5203889018178057
1997,fed-waller-speaks,,2,2025-10-21 16:00:00,16:00,1,,,,,32.0,-10.0,-63.89999999999782,50.106521739130415,0.638639420365309
1997,fed-waller-speaks,,2,2025-10-16 16:00:00,16:00,3,,,,,29.900000000001455,-0.7999999999992724,-19.0,50.106521739130415,0.5967287084038646
1997,fed-waller-speaks,,2,2025-10-15 20:00:00,20:00,2,,,,,239.0,-199.0,1.2999999999992724,64.52000000000038,3.704277743335378
1997,fed-waller-speaks,,2,2025-10-14 22:25:00,22:25,1,,,,,239.5,-91.70000000000073,-211.89999999999782,58.136619718309795,4.119606560554308
2108,fed-vice-chair-for-supervision-bar,,2,2026-04-15 15:30:00,15:30,2,,,,,36.20000000000073,27.099999999998545,48.0,49.90365853658544,0.725397717553348
2108,fed-vice-chair-for-supervision-bar,,2,2026-04-14 19:45:00,19:45,1,,,,,29.900000000001455,-11.299999999999272,38.5,67.92097902097908,0.44021744725979434
2108,fed-vice-chair-for-supervision-bar,,2,2026-04-01 16:10:00,16:10,2,,,,,117.0,29.5,107.90000000000146,95.35850340136058,1.2269487861774753
2108,fed-vice-chair-for-supervision-bar,,2,2026-03-31 22:00:00,22:00,1,,,,,73.60000000000218,23.69999999999709,56.39999999999782,61.38723404255339,1.198946346873732
2108,fed-vice-chair-for-supervision-bar,,2,2026-03-27 02:10:00,02:10,4,,,,,29.599999999998545,-12.400000000001455,46.5,37.5442953020132,0.7884020664628465
2108,fed-vice-chair-for-supervision-bar,,2,2026-03-25 01:30:00,01:30,2,,,,,32.099999999998545,24.299999999999272,31.799999999999272,38.28918918918928,0.8383567445471471
2108,fed-vice-chair-for-supervision-bar,,2,2026-02-17 19:45:00,19:45,1,,,,,95.5,48.20000000000073,176.60000000000218,67.92097902097908,1.4060456927527865
2108,fed-vice-chair-for-supervision-bar,,2,2026-01-15 16:15:00,16:15,3,,,,,96.0,25.599999999998545,-19.299999999999272,115.36549295774654,0.8321379083012345
2108,fed-vice-chair-for-supervision-bar,,2,2025-11-21 15:30:00,15:30,4,,,,,81.79999999999927,62.79999999999927,9.0,49.90365853658544,1.6391583783387333
2108,fed-vice-chair-for-supervision-bar,,2,2025-11-20 16:30:00,16:30,3,,,,,119.70000000000073,4.400000000001455,49.79999999999927,151.28972602739742,0.7911971496222021
2108,fed-vice-chair-for-supervision-bar,,2,2025-11-19 05:30:00,05:30,2,,,,,57.89999999999782,-24.5,-49.29999999999927,30.414864864864704,1.9036744124049678
2108,fed-vice-chair-for-supervision-bar,,2,2025-11-18 17:30:00,17:30,1,,,,,152.8000000000029,-47.400000000001455,101.19999999999709,103.10250000000005,1.4820203195849067
2108,fed-vice-chair-for-supervision-bar,,2,2025-11-12 05:25:00,05:25,2,,,,,20.200000000000728,1.7999999999992724,-15.400000000001455,30.965540540540577,0.652338039232823
2108,fed-vice-chair-for-supervision-bar,,2,2025-11-06 18:00:00,18:00,3,,,,,80.79999999999927,37.79999999999927,-79.59999999999854,89.75319148936146,0.9002465389721165
2108,fed-vice-chair-for-supervision-bar,,2,2025-10-23 17:25:00,17:25,3,,,,,64.09999999999854,31.799999999999272,11.099999999998545,103.24864864864871,0.6208313700853214
2108,fed-vice-chair-for-supervision-bar,,2,2025-10-22 23:00:00,23:00,2,,,,,49.0,13.899999999997817,-4.100000000002183,55.577443609022524,0.8816526421169409
2108,fed-vice-chair-for-supervision-bar,,2,2025-10-16 16:00:00,16:00,3,,,,,29.900000000001455,-0.7999999999992724,-19.0,50.106521739130415,0.5967287084038646
2108,fed-vice-chair-for-supervision-bar,,2,2025-10-09 19:45:00,19:45,3,,,,,66.0,-35.900000000001455,-40.5,67.92097902097908,0.9717174421118734
2108,fed-vice-chair-for-supervision-bar,,2,2025-10-08 16:30:00,16:30,2,,,,,89.09999999999854,52.900000000001455,136.90000000000146,151.28972602739742,0.588936224154859
2260,atlanta-fed-gdpnow,,2,2026-05-01 18:30:00,18:30,4,3.5,3.7,3.7,-0.20000000000000018,76.60000000000218,32.70000000000073,-30.0,80.64732824427472,0.9498144782674823
2260,atlanta-fed-gdpnow,,2,2026-04-30 18:30:00,18:30,3,3.7,,,,102.60000000000218,-42.70000000000073,10.299999999999272,80.64732824427472,1.2722058155384202
2260,atlanta-fed-gdpnow,,2,2026-04-29 18:30:00,18:30,2,1.2,1.2,1.2,0.0,98.60000000000218,2.100000000002183,-73.0,80.64732824427472,1.2226071482659682
2260,atlanta-fed-gdpnow,,2,2026-04-21 19:00:00,19:00,1,1.2,1.3,1.3,-0.10000000000000009,66.59999999999854,2.0,-60.599999999998545,69.36535433070858,0.9601334937680006
2260,atlanta-fed-gdpnow,,2,2026-04-09 18:30:00,18:30,3,1.3,1.3,1.3,0.0,129.20000000000073,67.80000000000291,158.40000000000146,80.64732824427472,1.6020369529002076
2260,atlanta-fed-gdpnow,,2,2026-04-07 17:00:00,17:00,1,1.3,1.6,1.6,-0.30000000000000004,135.90000000000146,-86.59999999999854,-111.69999999999709,101.07999999999997,1.3444796201029037
2260,atlanta-fed-gdpnow,,2,2026-04-02 19:00:00,19:00,3,1.6,1.9,1.9,-0.2999999999999998,107.39999999999782,-23.900000000001455,-14.5,69.36535433070858,1.5483233818420934
2260,atlanta-fed-gdpnow,,2,2026-04-01 18:30:00,18:30,2,1.9,2.0,2.0,-0.10000000000000009,74.20000000000073,40.5,55.20000000000073,80.64732824427472,0.9200552779039931
2260,atlanta-fed-gdpnow,,2,2026-03-23 18:30:00,18:30,0,2.0,2.3,2.3,-0.2999999999999998,201.29999999999927,-73.5,-293.6000000000022,80.64732824427472,2.4960529304861363
2260,atlanta-fed-gdpnow,,2,2026-03-19 18:30:00,18:30,3,2.3,2.7,2.7,-0.40000000000000036,64.59999999999854,-48.79999999999927,9.0,80.64732824427472,0.8010184764500813
2260,atlanta-fed-gdpnow,,2,2026-03-13 18:30:00,18:30,4,2.7,2.7,2.7,0.0,99.5,-55.400000000001455,-24.700000000000728,80.64732824427472,1.2337668484022428
2260,atlanta-fed-gdpnow,,2,2026-03-12 18:30:00,18:30,3,2.7,2.1,2.1,0.6000000000000001,130.1999999999971,67.0,18.900000000001455,80.64732824427472,1.6144366197182756
2260,atlanta-fed-gdpnow,,2,2026-03-06 18:30:00,18:30,4,2.1,3.0,3.0,-0.8999999999999999,118.29999999999927,6.600000000002183,-29.5,80.64732824427472,1.4668805845827582
2260,atlanta-fed-gdpnow,,2,2026-03-02 19:00:00,19:00,0,3.0,3.0,3.0,0.0,68.0,-2.8000000000029104,32.19999999999709,69.36535433070858,0.9803164801235056
2260,atlanta-fed-gdpnow,,2,2026-02-27 19:30:00,19:30,4,3.0,3.1,3.1,-0.10000000000000009,79.20000000000073,-18.0,-42.5,69.80068965517253,1.1346592761656427
2260,atlanta-fed-gdpnow,,2,2026-02-24 19:00:00,19:00,1,3.1,3.1,3.1,0.0,53.80000000000291,26.799999999999272,18.0,69.36535433070858,0.775603332803639
2260,atlanta-fed-gdpnow,,2,2026-02-20 18:00:00,18:00,4,3.1,,,,142.60000000000218,-42.5,-20.200000000000728,89.75319148936146,1.5888014413047888
2260,atlanta-fed-gdpnow,,2,2026-02-19 18:00:00,18:00,3,3.0,3.6,3.6,-0.6000000000000001,106.29999999999927,-17.100000000002183,-80.60000000000218,89.75319148936146,1.1843589986724776
2260,atlanta-fed-gdpnow,,2,2026-02-18 18:00:00,18:00,2,3.6,3.7,3.7,-0.10000000000000009,37.599999999998545,11.799999999999272,-25.200000000000728,89.75319148936146,0.4189266072444378
2260,atlanta-fed-gdpnow,,2,2026-02-10 19:00:00,19:00,1,3.7,4.2,4.2,-0.5,79.40000000000146,37.5,57.099999999998545,69.36535433070858,1.1446636547324671
2295,adp-employment-change-weekly,,2,2026-04-28 15:15:00,15:15,1,39.3,,40.25,,85.10000000000218,-44.29999999999927,26.5,56.37279999999987,1.509593279028226
2295,adp-employment-change-weekly,,2,2026-04-21 15:15:00,15:15,1,54.75,,40.25,,47.5,3.7999999999992724,-46.20000000000073,56.37279999999987,0.8426049442284241
2295,adp-employment-change-weekly,,2,2026-04-14 15:15:00,15:15,1,39.3,,26.0,,55.900000000001455,19.799999999999272,-1.5,56.37279999999987,0.9916129764709503
2295,adp-employment-change-weekly,,2,2026-04-07 15:15:00,15:15,1,26.0,,15.25,,107.10000000000218,76.29999999999927,63.5,56.37279999999987,1.8998524110919173
2295,adp-employment-change-weekly,,2,2026-03-24 15:15:00,15:15,1,10.0,,9.0,,104.09999999999854,11.0,-90.29999999999927,56.37279999999987,1.8466352567195312
2295,adp-employment-change-weekly,,2,2026-03-17 15:15:00,15:15,1,9.0,,15.5,,55.5,19.799999999999272,84.20000000000073,56.37279999999987,0.9845173558879482
2295,adp-employment-change-weekly,,2,2026-03-10 15:15:00,15:15,1,15.5,,12.8,,57.70000000000073,-13.200000000000728,37.79999999999927,56.37279999999987,1.0235432690943302
2295,adp-employment-change-weekly,,2,2026-02-24 15:15:00,15:15,1,12.8,,11.5,,47.0,31.0,24.900000000001455,56.37279999999987,0.8337354184997039
2295,adp-employment-change-weekly,,2,2026-02-17 15:15:00,15:15,1,10.3,,7.8,,86.69999999999709,58.5,103.10000000000218,56.37279999999987,1.5379757613600404
2295,adp-employment-change-weekly,,2,2026-02-10 15:15:00,15:15,1,6.5,,5.0,,52.599999999998545,10.5,62.5,56.37279999999987,0.9330741066613449
2295,adp-employment-change-weekly,,2,2026-01-27 15:15:00,15:15,1,7.75,,8.0,,23.799999999999272,-13.19999999999709,-21.599999999998545,56.37279999999987,0.4221894246870712
2295,adp-employment-change-weekly,,2,2026-01-20 15:15:00,15:15,1,8.0,,11.25,,95.20000000000073,20.5,8.299999999999272,56.37279999999987,1.6887576987483492
2295,adp-employment-change-weekly,,2,2026-01-13 15:15:00,15:15,1,11.75,,11.0,,158.3000000000029,10.100000000002183,69.79999999999927,56.37279999999987,2.8080918457128843
2295,adp-employment-change-weekly,,2,2025-12-23 15:15:00,15:15,1,11.5,,17.5,,68.69999999999709,0.2999999999992724,-47.5,56.37279999999987,1.2186728351261114
2295,adp-employment-change-weekly,,2,2025-12-16 15:15:00,15:15,1,16.25,,2.75,,118.5,7.900000000001455,-22.899999999997817,56.37279999999987,2.1020775977067
2295,adp-employment-change-weekly,,2,2025-12-09 15:15:00,15:15,1,4.75,,-13.5,,50.60000000000218,-6.69999999999709,-50.5,56.37279999999987,0.8975960037465285
2295,adp-employment-change-weekly,,2,2025-11-25 15:15:00,15:15,1,-13.5,,-2.5,,67.89999999999782,29.0,-44.70000000000073,56.37279999999987,1.2044815939601718
2295,adp-employment-change-weekly,,2,2025-11-18 15:30:00,15:30,1,-2.5,,-11.25,,57.599999999998545,7.900000000001455,4.80000000000291,49.90365853658544,1.1542239925710207
2295,adp-employment-change-weekly,,2,2025-11-11 20:45:00,20:45,1,-11.25,,14.25,,50.79999999999927,36.599999999998545,-0.4000000000014552,63.269503546099365,0.8029144714717956
2295,adp-employment-change-weekly,,2,2025-10-28 20:45:00,20:45,1,14.25,,,,25.200000000000728,9.700000000000728,41.20000000000073,63.269503546099365,0.3982961551395694
